mcc,accuracy,f1_score,tp,tn,fp,fn,auroc,auprc,eval_loss,acc,prec,rec,f1,data_name,model_name,seed,train_batch_size,epoch
0.8500795181306885,0,0,759,836,68,61,0.9721738074681632,0.9572431353116588,0.2840140393624703,0.9251740139211136,0.9177750906892382,0.925609756097561,0.9216757741347906,Spanish_Binary,ConfliBERT-v2-Spanish-multilingual-uncased,123,8,1
0.8427196879100783,0,0,768,820,84,52,0.9743673105978846,0.9675032347406829,0.2732371923824151,0.9211136890951276,0.9014084507042254,0.9365853658536586,0.9186602870813397,Spanish_Binary,ConfliBERT-v2-Spanish-multilingual-uncased,123,8,2
0.8407800708848714,0,0,755,832,72,65,0.9729724260738182,0.966290608866244,0.33637942870457965,0.9205336426914154,0.9129383313180169,0.9207317073170732,0.9168184578020644,Spanish_Binary,ConfliBERT-v2-Spanish-multilingual-uncased,123,8,3
0.8446473872623689,0,0,764,826,78,56,0.9739585581696525,0.9676858278650937,0.33308619633316994,0.9222737819025522,0.9073634204275535,0.9317073170731708,0.9193742478941035,Spanish_Binary,ConfliBERT-v2-Spanish-multilingual-uncased,123,8,4
0.8268309000161457,0,0,749,826,78,71,0.9717650550399309,0.9667596958208496,0.41718440502882004,0.9135730858468677,0.905683192261185,0.9134146341463415,0.9095324833029751,Spanish_Binary,ConfliBERT-v2-Spanish-multilingual-uncased,123,8,5
0.8189126974402475,0,0,792,770,134,28,0.9698791279948197,0.9515095117331286,0.26190373508466613,0.9060324825986079,0.8552915766738661,0.9658536585365853,0.9072164948453608,Spanish_Binary,ConfliBERT-v2-Spanish-multilingual-uncased,124,8,1
0.8362881853693556,0,0,803,773,131,17,0.9766033077919274,0.9689563963643099,0.3131158310506079,0.91415313225058,0.8597430406852249,0.9792682926829268,0.9156214367160775,Spanish_Binary,ConfliBERT-v2-Spanish-multilingual-uncased,124,8,2
0.8503131988060315,0,0,777,817,87,43,0.9720146233541982,0.9668566186967952,0.35712211206555367,0.9245939675174014,0.8993055555555556,0.947560975609756,0.9228028503562946,Spanish_Binary,ConfliBERT-v2-Spanish-multilingual-uncased,124,8,3
0.8452327649280833,0,0,771,819,85,49,0.9729683790200734,0.966842694211894,0.38734056221114266,0.9222737819025522,0.9007009345794392,0.9402439024390243,0.9200477326968973,Spanish_Binary,ConfliBERT-v2-Spanish-multilingual-uncased,124,8,4
0.8478750639254135,0,0,761,832,72,59,0.9744388085473775,0.9679801372305162,0.4296586977110969,0.9240139211136891,0.9135654261704682,0.9280487804878049,0.9207501512401695,Spanish_Binary,ConfliBERT-v2-Spanish-multilingual-uncased,124,8,5
0.8286644190773259,0,0,784,789,115,36,0.9664620656162313,0.9588903044217596,0.30060062640243107,0.9124129930394431,0.8720800889877642,0.9560975609756097,0.9121582315299593,Spanish_Binary,ConfliBERT-v2-Spanish-multilingual-uncased,125,8,1
0.8132038034686262,0,0,707,855,49,113,0.9736482840492121,0.9667481973072737,0.395150245891677,0.9060324825986079,0.9351851851851852,0.8621951219512195,0.8972081218274112,Spanish_Binary,ConfliBERT-v2-Spanish-multilingual-uncased,125,8,2
0.8348894053579221,0,0,783,796,108,37,0.9729400496438593,0.9660555254039995,0.3321020495560434,0.915893271461717,0.8787878787878788,0.9548780487804878,0.9152542372881356,Spanish_Binary,ConfliBERT-v2-Spanish-multilingual-uncased,125,8,3
0.830851845444247,0,0,760,818,86,60,0.9706534642780056,0.9651822937360319,0.4248089666167895,0.9153132250580046,0.8983451536643026,0.926829268292683,0.9123649459783915,Spanish_Binary,ConfliBERT-v2-Spanish-multilingual-uncased,125,8,4
0.8298977664806173,0,0,762,815,89,58,0.970897636520613,0.9647350526909415,0.4859076465169589,0.9147331786542924,0.8954171562867215,0.9292682926829269,0.9120287253141831,Spanish_Binary,ConfliBERT-v2-Spanish-multilingual-uncased,125,8,5
0.8526361496682866,0,0,778,818,86,42,0.9733980412259875,0.9663670213571505,0.27917227314578164,0.925754060324826,0.9004629629629629,0.948780487804878,0.9239904988123515,Spanish_Binary,ConfliBERT-v2-Spanish-multilingual-uncased,126,8,1
0.8359293446057078,0,0,776,805,99,44,0.9712146557306279,0.9620561717050922,0.2966575192080604,0.9170533642691415,0.8868571428571429,0.9463414634146341,0.9156342182890855,Spanish_Binary,ConfliBERT-v2-Spanish-multilingual-uncased,126,8,2
0.8509817755009723,0,0,789,804,100,31,0.9722857759551047,0.9654199546888874,0.2806883694397079,0.9240139211136891,0.8875140607424072,0.9621951219512195,0.9233469865418373,Spanish_Binary,ConfliBERT-v2-Spanish-multilingual-uncased,126,8,3
0.8301988184712177,0,0,740,838,66,80,0.9699910964817613,0.960219166896098,0.4021974847548538,0.9153132250580046,0.9181141439205955,0.9024390243902439,0.910209102091021,Spanish_Binary,ConfliBERT-v2-Spanish-multilingual-uncased,126,8,4
0.8424685698128471,0,0,765,823,81,55,0.970542844808979,0.9610079299309796,0.39397118323379093,0.9211136890951276,0.9042553191489362,0.9329268292682927,0.9183673469387754,Spanish_Binary,ConfliBERT-v2-Spanish-multilingual-uncased,126,8,5
0.8266945016948045,0,0,740,835,69,80,0.9709232678609971,0.9642470700231367,0.2693377203411526,0.9135730858468677,0.9147095179233622,0.9024390243902439,0.9085328422344997,Spanish_Binary,ConfliBERT-v2-Spanish-multilingual-uncased,127,8,1
0.839427976894849,0,0,790,792,112,30,0.9673382527519965,0.9417956315574774,0.3116603551639451,0.9176334106728539,0.8758314855875832,0.9634146341463414,0.9175377468060395,Spanish_Binary,ConfliBERT-v2-Spanish-multilingual-uncased,127,8,2
0.8342226173116383,0,0,795,781,123,25,0.9740118443772933,0.9671951972960631,0.34881431112686795,0.91415313225058,0.8660130718954249,0.9695121951219512,0.9148446490218642,Spanish_Binary,ConfliBERT-v2-Spanish-multilingual-uncased,127,8,3
0.8370529917625357,0,0,767,816,88,53,0.9722911720267646,0.9627051422850041,0.3931562023030387,0.9182134570765661,0.8970760233918129,0.9353658536585366,0.9158208955223882,Spanish_Binary,ConfliBERT-v2-Spanish-multilingual-uncased,127,8,4
0.8353531068097071,0,0,760,822,82,60,0.9714224044895317,0.9606561369206237,0.444050299624602,0.9176334106728539,0.9026128266033254,0.926829268292683,0.9145607701564381,Spanish_Binary,ConfliBERT-v2-Spanish-multilingual-uncased,127,8,5
0.8304922946777958,0,0,731,847,57,89,0.9738722210230952,0.9661914762259786,0.2742346864607599,0.9153132250580046,0.9276649746192893,0.8914634146341464,0.9092039800995024,Spanish_Binary,ConfliBERT-v2-Spanish-multilingual-uncased,128,8,1
0.8436592682487858,0,0,795,790,114,25,0.9742432009497085,0.9664884419524107,0.2431341198583444,0.9193735498839907,0.8745874587458746,0.9695121951219512,0.9196067090803932,Spanish_Binary,ConfliBERT-v2-Spanish-multilingual-uncased,128,8,2
0.8456672970815213,0,0,775,815,89,45,0.9737076408374703,0.9643541956726697,0.31191899958584046,0.9222737819025522,0.8969907407407407,0.9451219512195121,0.9204275534441805,Spanish_Binary,ConfliBERT-v2-Spanish-multilingual-uncased,128,8,3
0.8524097832269532,0,0,776,820,84,44,0.9732813511763436,0.9664907260658402,0.3917676649159855,0.925754060324826,0.9023255813953488,0.9463414634146341,0.9238095238095237,Spanish_Binary,ConfliBERT-v2-Spanish-multilingual-uncased,128,8,4
0.8410652632436894,0,0,761,826,78,59,0.9725690697172459,0.9652847289198642,0.4709063337908851,0.9205336426914154,0.9070321811680572,0.9280487804878049,0.9174201326100061,Spanish_Binary,ConfliBERT-v2-Spanish-multilingual-uncased,128,8,5
0.8372428018858937,0,0,740,844,60,80,0.9724881286423485,0.9650002041914729,0.2648163570298089,0.9187935034802784,0.925,0.9024390243902439,0.9135802469135802,Spanish_Binary,ConfliBERT-v2-Spanish-multilingual-uncased,129,8,1
0.8363585644048137,0,0,758,825,79,62,0.9730169436650119,0.9655553981071727,0.26900364003247684,0.9182134570765661,0.9056152927120669,0.9243902439024391,0.9149064574532286,Spanish_Binary,ConfliBERT-v2-Spanish-multilingual-uncased,129,8,2
0.8350566000886404,0,0,735,847,57,85,0.9695121951219511,0.9665632273962685,0.32706893152660793,0.9176334106728539,0.928030303030303,0.8963414634146342,0.9119106699751861,Spanish_Binary,ConfliBERT-v2-Spanish-multilingual-uncased,129,8,3
0.8406886342288328,0,0,770,816,88,50,0.9744334124757177,0.9672492842690825,0.395289894607332,0.919953596287703,0.8974358974358975,0.9390243902439024,0.9177592371871276,Spanish_Binary,ConfliBERT-v2-Spanish-multilingual-uncased,129,8,4
0.8354235739021101,0,0,761,821,83,59,0.9728469674077272,0.9645332597031556,0.4345552507374022,0.9176334106728539,0.9016587677725119,0.9280487804878049,0.9146634615384616,Spanish_Binary,ConfliBERT-v2-Spanish-multilingual-uncased,129,8,5
0.836375493632501,0,0,771,811,93,49,0.967016511979279,0.9614567098907545,0.23630169447925356,0.9176334106728539,0.8923611111111112,0.9402439024390243,0.9156769596199524,Spanish_Binary,ConfliBERT-v2-Spanish-multilingual-uncased,130,8,1
0.7742468454367589,0,0,812,698,206,8,0.8789849989207857,0.7293228812689876,0.4110112446877692,0.8758700696055685,0.7976424361493124,0.9902439024390244,0.8835690968443961,Spanish_Binary,ConfliBERT-v2-Spanish-multilingual-uncased,130,8,2
0.8256569561490179,0,0,733,841,63,87,0.9741190913015325,0.9670204963577342,0.2870358677787913,0.9129930394431555,0.9208542713567839,0.8939024390243903,0.9071782178217821,Spanish_Binary,ConfliBERT-v2-Spanish-multilingual-uncased,130,8,3
0.8493335003387167,0,0,778,815,89,42,0.9737251780703647,0.9591952462453828,0.31400390714406967,0.9240139211136891,0.8973471741637832,0.948780487804878,0.922347362181387,Spanish_Binary,ConfliBERT-v2-Spanish-multilingual-uncased,130,8,4
0.835522277092663,0,0,773,808,96,47,0.9741379775523419,0.9677033255099298,0.4219653945830133,0.9170533642691415,0.8895281933256617,0.9426829268292682,0.9153345174659561,Spanish_Binary,ConfliBERT-v2-Spanish-multilingual-uncased,130,8,5
0.8075469534362174,0,0,774,781,123,46,0.9694339520828836,0.9611358176385779,0.28710447003444034,0.9019721577726219,0.862876254180602,0.9439024390243902,0.9015725101921956,Spanish_Binary,ConfliBERT-v2-Spanish-multilingual-uncased,131,8,1
0.8490934176726765,0,0,776,817,87,44,0.9730182926829268,0.9688193970293351,0.31699711084365845,0.9240139211136891,0.899188876013905,0.9463414634146341,0.9221628045157456,Spanish_Binary,ConfliBERT-v2-Spanish-multilingual-uncased,131,8,2
0.8314480505067597,0,0,750,829,75,70,0.9731316101877833,0.9666137058019427,0.3465314441257053,0.915893271461717,0.9090909090909091,0.9146341463414634,0.9118541033434651,Spanish_Binary,ConfliBERT-v2-Spanish-multilingual-uncased,131,8,3
0.8291229630143451,0,0,749,828,76,71,0.9720078782646234,0.96461355558049,0.38437565830018783,0.9147331786542924,0.9078787878787878,0.9134146341463415,0.9106382978723405,Spanish_Binary,ConfliBERT-v2-Spanish-multilingual-uncased,131,8,4
0.8325960487344777,0,0,750,830,74,70,0.972239909345996,0.9655659002866075,0.47335344552993774,0.9164733178654292,0.9101941747572816,0.9146341463414634,0.9124087591240877,Spanish_Binary,ConfliBERT-v2-Spanish-multilingual-uncased,131,8,5
0.8406678538319257,0,0,745,842,62,75,0.9726810382041874,0.9642329875843895,0.2473985188537174,0.9205336426914154,0.9231722428748451,0.9085365853658537,0.9157959434542102,Spanish_Binary,ConfliBERT-v2-Spanish-multilingual-uncased,132,8,1
0.8531291041927989,0,0,772,825,79,48,0.9752495683142671,0.9675892713264498,0.2693166356119845,0.9263341067285383,0.9071680376028202,0.9414634146341463,0.9239976062238181,Spanish_Binary,ConfliBERT-v2-Spanish-multilingual-uncased,132,8,2
0.8460738434582296,0,0,768,823,81,52,0.9661315562270667,0.960775696693683,0.3382422522538238,0.9228538283062645,0.9045936395759717,0.9365853658536586,0.920311563810665,Spanish_Binary,ConfliBERT-v2-Spanish-multilingual-uncased,132,8,3
0.8400002470360379,0,0,762,824,80,58,0.9722189995683141,0.962254429761836,0.4068906183044116,0.919953596287703,0.9049881235154394,0.9292682926829269,0.9169675090252707,Spanish_Binary,ConfliBERT-v2-Spanish-multilingual-uncased,132,8,4
0.8478750639254135,0,0,761,832,72,59,0.972015972372113,0.9629449888893494,0.4104500975873735,0.9240139211136891,0.9135654261704682,0.9280487804878049,0.9207501512401695,Spanish_Binary,ConfliBERT-v2-Spanish-multilingual-uncased,132,8,5
0.839904754811178,0,0,787,796,108,33,0.9745318907835095,0.9691609398666251,0.26062201460202533,0.9182134570765661,0.8793296089385475,0.9597560975609756,0.9177842565597667,Spanish_Binary,ConfliBERT-v2-Spanish-multilingual-cased,123,8,1
0.8446700518843565,0,0,734,856,48,86,0.9771732678609972,0.9704913992675092,0.3160196935964955,0.9222737819025522,0.9386189258312021,0.8951219512195122,0.9163545568039949,Spanish_Binary,ConfliBERT-v2-Spanish-multilingual-cased,123,8,2
0.8477902221923698,0,0,759,834,70,61,0.9737777897690482,0.9663344473590173,0.40370561223891044,0.9240139211136891,0.9155609167671894,0.925609756097561,0.9205579138872044,Spanish_Binary,ConfliBERT-v2-Spanish-multilingual-cased,123,8,3
0.8246899179696255,0,0,728,845,59,92,0.9580941074897474,0.9576565584777562,0.5087478227085538,0.9124129930394431,0.9250317662007624,0.8878048780487805,0.9060360920970754,Spanish_Binary,ConfliBERT-v2-Spanish-multilingual-cased,123,8,4
0.8350682004023148,0,0,755,827,77,65,0.9719512195121951,0.963843076702667,0.5009532993038496,0.9176334106728539,0.9074519230769231,0.9207317073170732,0.9140435835351091,Spanish_Binary,ConfliBERT-v2-Spanish-multilingual-cased,123,8,5
0.8316141702801021,0,0,768,810,94,52,0.9602120656162315,0.9574792351782401,0.31802405085828567,0.9153132250580046,0.8909512761020881,0.9365853658536586,0.9131985731272296,Spanish_Binary,ConfliBERT-v2-Spanish-multilingual-cased,124,8,1
0.8365495331234388,0,0,761,822,82,59,0.9679115853658538,0.9597563531032691,0.26773861837055946,0.9182134570765661,0.9027283511269276,0.9280487804878049,0.915213469633193,Spanish_Binary,ConfliBERT-v2-Spanish-multilingual-cased,124,8,2
0.834985722491115,0,0,753,829,75,67,0.9730816965249298,0.9668466613511363,0.2713210384051005,0.9176334106728539,0.9094202898550725,0.9182926829268293,0.9138349514563108,Spanish_Binary,ConfliBERT-v2-Spanish-multilingual-cased,124,8,3
0.8336847911632589,0,0,742,839,65,78,0.9718244118281889,0.9656465217925979,0.35133787078989875,0.9170533642691415,0.919454770755886,0.9048780487804878,0.9121081745543945,Spanish_Binary,ConfliBERT-v2-Spanish-multilingual-cased,124,8,4
0.8273286050802665,0,0,758,817,87,62,0.9721684113965035,0.9647385225424725,0.3831989856229888,0.9135730858468677,0.8970414201183432,0.9243902439024391,0.9105105105105105,Spanish_Binary,ConfliBERT-v2-Spanish-multilingual-cased,124,8,5
0.831464450124655,0,0,736,843,61,84,0.9443638031513059,0.8777660514592505,0.28278559260070324,0.915893271461717,0.9234629861982434,0.8975609756097561,0.9103277674706246,Spanish_Binary,ConfliBERT-v2-Spanish-multilingual-cased,125,8,1
0.8374869503732276,0,0,734,850,54,86,0.9728591085689617,0.9640989272882501,0.34578995737764573,0.9187935034802784,0.9314720812182741,0.8951219512195122,0.9129353233830846,Spanish_Binary,ConfliBERT-v2-Spanish-multilingual-cased,125,8,2
0.8464777112121351,0,0,752,840,64,68,0.9746883768616447,0.9654582004320791,0.2923618286020226,0.9234338747099768,0.9215686274509803,0.9170731707317074,0.9193154034229828,Spanish_Binary,ConfliBERT-v2-Spanish-multilingual-cased,125,8,3
0.8336975647155379,0,0,741,840,64,79,0.9739342758471833,0.9641436786946472,0.4242764429913627,0.9170533642691415,0.9204968944099379,0.9036585365853659,0.9120000000000001,Spanish_Binary,ConfliBERT-v2-Spanish-multilingual-cased,125,8,4
0.8407484004764184,0,0,754,833,71,66,0.9716625296783942,0.9602527804558353,0.4548839148547914,0.9205336426914154,0.9139393939393939,0.9195121951219513,0.9167173252279636,Spanish_Binary,ConfliBERT-v2-Spanish-multilingual-cased,125,8,5
0.8280234430006915,0,0,733,843,61,87,0.9674589898553854,0.9564185202798392,0.3061946704983711,0.91415313225058,0.9231738035264484,0.8939024390243903,0.9083023543990087,Spanish_Binary,ConfliBERT-v2-Spanish-multilingual-cased,126,8,1
0.838327035056615,0,0,747,838,66,73,0.9684316317720699,0.9641989952626137,0.34333697458108264,0.9193735498839907,0.9188191881918819,0.9109756097560976,0.9148805878750766,Spanish_Binary,ConfliBERT-v2-Spanish-multilingual-cased,126,8,2
0.8272131701109305,0,0,782,790,114,38,0.9672175156486078,0.9528858784220586,0.41130729185210335,0.9118329466357309,0.8727678571428571,0.9536585365853658,0.9114219114219113,Spanish_Binary,ConfliBERT-v2-Spanish-multilingual-cased,126,8,3
0.8319753980508814,0,0,760,819,85,60,0.9683938592704511,0.9569506152416039,0.4281953126192093,0.915893271461717,0.8994082840236687,0.926829268292683,0.9129129129129129,Spanish_Binary,ConfliBERT-v2-Spanish-multilingual-cased,126,8,4
0.8263692615542476,0,0,760,814,90,60,0.9642105547161667,0.9479845057597814,0.5510320713122686,0.9129930394431555,0.8941176470588236,0.926829268292683,0.9101796407185628,Spanish_Binary,ConfliBERT-v2-Spanish-multilingual-cased,126,8,5
0.8483640507217982,0,0,779,813,91,41,0.9688241959853225,0.9531652718534056,0.23863840227325758,0.9234338747099768,0.8954022988505748,0.95,0.9218934911242603,Spanish_Binary,ConfliBERT-v2-Spanish-multilingual-cased,127,8,1
0.853314140209739,0,0,774,823,81,46,0.9748354198143752,0.9690139596685073,0.2532859365973208,0.9263341067285383,0.9052631578947369,0.9439024390243902,0.9241791044776119,Spanish_Binary,ConfliBERT-v2-Spanish-multilingual-cased,127,8,2
0.8392053913631614,0,0,776,808,96,44,0.971827109864019,0.9563580572955295,0.36608925834298134,0.9187935034802784,0.8899082568807339,0.9463414634146341,0.91725768321513,Spanish_Binary,ConfliBERT-v2-Spanish-multilingual-cased,127,8,3
0.8456002516060709,0,0,761,830,74,59,0.9738196093244118,0.9658554000839261,0.4465302377939224,0.9228538283062645,0.911377245508982,0.9280487804878049,0.9196374622356496,Spanish_Binary,ConfliBERT-v2-Spanish-multilingual-cased,127,8,4
0.8338054854505085,0,0,752,829,75,68,0.974711310166199,0.9669830819509955,0.4878861473666297,0.9170533642691415,0.909310761789601,0.9170731707317074,0.9131754705525198,Spanish_Binary,ConfliBERT-v2-Spanish-multilingual-cased,127,8,5
0.7930880261163522,0,0,811,719,185,9,0.9508161558385495,0.8957345497529301,0.41036251932382584,0.8874709976798144,0.8142570281124498,0.9890243902439024,0.8931718061674009,Spanish_Binary,ConfliBERT-v2-Spanish-multilingual-cased,128,8,1
0.8489369738830131,0,0,795,795,109,25,0.9750040470537449,0.968765739149414,0.2639304995536804,0.9222737819025522,0.879424778761062,0.9695121951219512,0.9222737819025523,Spanish_Binary,ConfliBERT-v2-Spanish-multilingual-cased,128,8,2
0.8524395196496798,0,0,761,836,68,59,0.9760724692423914,0.9685857685887231,0.3124154350823826,0.9263341067285383,0.9179734620024126,0.9280487804878049,0.9229836264402669,Spanish_Binary,ConfliBERT-v2-Spanish-multilingual-cased,128,8,3
0.8503180766327268,0,0,785,808,96,35,0.9755976149363264,0.9668869251702586,0.4287495319214132,0.9240139211136891,0.8910329171396141,0.9573170731707317,0.9229864785420341,Spanish_Binary,ConfliBERT-v2-Spanish-multilingual-cased,128,8,4
0.8418968689769337,0,0,754,834,70,66,0.9749204079430175,0.9655206372976514,0.44443610890044105,0.9211136890951276,0.9150485436893204,0.9195121951219513,0.9172749391727495,Spanish_Binary,ConfliBERT-v2-Spanish-multilingual-cased,128,8,5
0.8360053409143214,0,0,747,836,68,73,0.9607746060867688,0.956679855924997,0.2584039117727015,0.9182134570765661,0.9165644171779141,0.9109756097560976,0.9137614678899083,Spanish_Binary,ConfliBERT-v2-Spanish-multilingual-cased,129,8,1
0.804952307603388,0,0,704,851,53,116,0.9713751888625081,0.9640697704787987,0.3805480698744456,0.9019721577726219,0.9299867899603699,0.8585365853658536,0.8928344958782499,Spanish_Binary,ConfliBERT-v2-Spanish-multilingual-cased,129,8,2
0.8514020180822848,0,0,785,809,95,35,0.9738304014677314,0.9632421133641574,0.33310326788988376,0.9245939675174014,0.8920454545454546,0.9573170731707317,0.9235294117647059,Spanish_Binary,ConfliBERT-v2-Spanish-multilingual-cased,129,8,3
0.8360053409143214,0,0,747,836,68,73,0.9712079106410533,0.9604652798477914,0.36129017505380845,0.9182134570765661,0.9165644171779141,0.9109756097560976,0.9137614678899083,Spanish_Binary,ConfliBERT-v2-Spanish-multilingual-cased,129,8,4
0.8271868387590814,0,0,756,819,85,64,0.9721738074681632,0.9649192087606242,0.5089086186554697,0.9135730858468677,0.8989298454221165,0.9219512195121952,0.9102950030102348,Spanish_Binary,ConfliBERT-v2-Spanish-multilingual-cased,129,8,5
0.8267978755219303,0,0,748,827,77,72,0.9533253291603713,0.9512533997237504,0.2964853470524152,0.9135730858468677,0.9066666666666666,0.9121951219512195,0.9094224924012158,Spanish_Binary,ConfliBERT-v2-Spanish-multilingual-cased,130,8,1
0.853314140209739,0,0,774,823,81,46,0.9715627023526873,0.9640713610133873,0.2694221693608496,0.9263341067285383,0.9052631578947369,0.9439024390243902,0.9241791044776119,Spanish_Binary,ConfliBERT-v2-Spanish-multilingual-cased,130,8,2
0.8337452895637065,0,0,750,831,73,70,0.9742175696093244,0.9675201767681748,0.32522493931982255,0.9170533642691415,0.9113001215066828,0.9146341463414634,0.9129640900791236,Spanish_Binary,ConfliBERT-v2-Spanish-multilingual-cased,130,8,3
0.8451355037400362,0,0,770,820,84,50,0.9742688322900928,0.9670191343802628,0.3641842222876019,0.9222737819025522,0.9016393442622951,0.9390243902439024,0.919952210274791,Spanish_Binary,ConfliBERT-v2-Spanish-multilingual-cased,130,8,4
0.8333387707525363,0,0,763,817,87,57,0.9684801964170087,0.9617076784081064,0.4590206949247254,0.9164733178654292,0.8976470588235295,0.9304878048780488,0.9137724550898205,Spanish_Binary,ConfliBERT-v2-Spanish-multilingual-cased,130,8,5
0.834837710707116,0,0,744,838,66,76,0.9706615583854954,0.9640886065660046,0.259196727640099,0.9176334106728539,0.9185185185185185,0.9073170731707317,0.9128834355828221,Spanish_Binary,ConfliBERT-v2-Spanish-multilingual-cased,131,8,1
0.8132320255485573,0,0,804,749,155,16,0.9409116663069285,0.8832528590769916,0.29404110958178836,0.9008120649651972,0.8383733055265902,0.9804878048780488,0.9038785834738617,Spanish_Binary,ConfliBERT-v2-Spanish-multilingual-cased,131,8,2
0.8255327736570957,0,0,742,832,72,78,0.9732678609971942,0.9642624700859489,0.35807185537285274,0.9129930394431555,0.9115479115479116,0.9048780487804878,0.9082007343941249,Spanish_Binary,ConfliBERT-v2-Spanish-multilingual-cased,131,8,3
0.841528492301384,0,0,777,809,95,43,0.9747598748111374,0.9665293403346428,0.37645187560054993,0.919953596287703,0.8910550458715596,0.947560975609756,0.9184397163120567,Spanish_Binary,ConfliBERT-v2-Spanish-multilingual-cased,131,8,4
0.8283160295568922,0,0,756,820,84,64,0.974291765594647,0.968089093914087,0.4434771802690294,0.91415313225058,0.9,0.9219512195121952,0.9108433734939759,Spanish_Binary,ConfliBERT-v2-Spanish-multilingual-cased,131,8,5
0.8270829855892534,0,0,775,798,106,45,0.971122922512411,0.9640295098236433,0.26407040076123345,0.9124129930394431,0.8796821793416572,0.9451219512195121,0.9112286890064667,Spanish_Binary,ConfliBERT-v2-Spanish-multilingual-cased,132,8,1
0.8293867978618713,0,0,755,822,82,65,0.9640675588171811,0.930467171837407,0.305970113310549,0.9147331786542924,0.9020310633213859,0.9207317073170732,0.9112854556427278,Spanish_Binary,ConfliBERT-v2-Spanish-multilingual-cased,132,8,2
0.825642034624565,0,0,764,809,95,56,0.9698292143319664,0.9608251614791303,0.38887031541930306,0.9124129930394431,0.889406286379511,0.9317073170731708,0.9100655151876116,Spanish_Binary,ConfliBERT-v2-Spanish-multilingual-cased,132,8,3
0.8381663697710575,0,0,767,817,87,53,0.974618227930067,0.9675611934983243,0.39580804606278736,0.9187935034802784,0.8981264637002342,0.9353658536585366,0.91636798088411,Spanish_Binary,ConfliBERT-v2-Spanish-multilingual-cased,132,8,4
0.8337197253683515,0,0,767,813,91,53,0.9734445823440535,0.962307587960488,0.4578639417886734,0.9164733178654292,0.8939393939393939,0.9353658536585366,0.9141835518474374,Spanish_Binary,ConfliBERT-v2-Spanish-multilingual-cased,132,8,5
0.7737318143090023,0,0,640,880,24,180,0.9353024498165334,0.9470921644259385,0.5418475659357177,0.8816705336426914,0.963855421686747,0.7804878048780488,0.862533692722372,Spanish_Binary,ConfliBERT-v1-Spanish-beto-uncased,123,8,1
0.8534774399506981,0,0,750,848,56,70,0.9782983488020721,0.9722304896116224,0.24004710714022318,0.9269141531322506,0.9305210918114144,0.9146341463414634,0.9225092250922509,Spanish_Binary,ConfliBERT-v1-Spanish-beto-uncased,123,8,2
0.853413543615951,0,0,775,822,82,45,0.9746519533779409,0.9684160812092115,0.3872736957338121,0.9263341067285383,0.9043173862310385,0.9451219512195121,0.9242695289206917,Spanish_Binary,ConfliBERT-v1-Spanish-beto-uncased,123,8,3
0.8434522785498417,0,0,763,826,78,57,0.974293114612562,0.9674382305701317,0.49186009416977566,0.9216937354988399,0.9072532699167658,0.9304878048780488,0.9187236604455148,Spanish_Binary,ConfliBERT-v1-Spanish-beto-uncased,123,8,4
0.8457759128056647,0,0,764,827,77,56,0.9741514677314915,0.9660858478132298,0.5317603250344595,0.9228538283062645,0.9084423305588585,0.9317073170731708,0.9199277543648405,Spanish_Binary,ConfliBERT-v1-Spanish-beto-uncased,123,8,5
0.8476373672935673,0,0,752,841,63,68,0.9766943665011871,0.968908578490094,0.2671494504643811,0.9240139211136891,0.9226993865030675,0.9170731707317074,0.9198776758409787,Spanish_Binary,ConfliBERT-v1-Spanish-beto-uncased,124,8,1
0.8382624643277231,0,0,724,860,44,96,0.9784885603280812,0.9717556304800745,0.3120288774371147,0.9187935034802784,0.9427083333333334,0.8829268292682927,0.9118387909319899,Spanish_Binary,ConfliBERT-v1-Spanish-beto-uncased,124,8,2
0.8521918063687569,0,0,783,812,92,37,0.9765216922080725,0.971459765819037,0.36853784860836136,0.9251740139211136,0.8948571428571429,0.9548780487804878,0.9238938053097345,Spanish_Binary,ConfliBERT-v1-Spanish-beto-uncased,124,8,3
0.831349197540266,0,0,742,837,67,78,0.9552126052233973,0.9528192448763102,0.5205013909273677,0.915893271461717,0.9171817058096415,0.9048780487804878,0.910988336402701,Spanish_Binary,ConfliBERT-v1-Spanish-beto-uncased,124,8,4
0.8366221910214964,0,0,762,821,83,58,0.9701583747032161,0.9555215991956771,0.5227971772352854,0.9182134570765661,0.901775147928994,0.9292682926829269,0.9153153153153153,Spanish_Binary,ConfliBERT-v1-Spanish-beto-uncased,124,8,5
0.8536261270261954,0,0,777,820,84,43,0.9724247248003453,0.9624128178395365,0.24185668263170454,0.9263341067285383,0.9024390243902439,0.947560975609756,0.9244497323022011,Spanish_Binary,ConfliBERT-v1-Spanish-beto-uncased,125,8,1
0.8538164203597846,0,0,766,832,72,54,0.9730924886682495,0.9618317652988468,0.28800948502288926,0.9269141531322506,0.9140811455847255,0.9341463414634147,0.9240048250904705,Spanish_Binary,ConfliBERT-v1-Spanish-beto-uncased,125,8,2
0.8488876853121498,0,0,745,849,55,75,0.9773499892078567,0.9688517203985441,0.40324854767984813,0.9245939675174014,0.93125,0.9085365853658537,0.9197530864197531,Spanish_Binary,ConfliBERT-v1-Spanish-beto-uncased,125,8,3
0.8510905599270633,0,0,774,821,83,46,0.9753885171595079,0.9653431178371864,0.4219830979903539,0.9251740139211136,0.9031505250875146,0.9439024390243902,0.9230769230769231,Spanish_Binary,ConfliBERT-v1-Spanish-beto-uncased,125,8,4
0.8441975766607254,0,0,754,836,68,66,0.9753035290308655,0.9634529515589875,0.45931164506408906,0.9222737819025522,0.9172749391727494,0.9195121951219513,0.9183922046285018,Spanish_Binary,ConfliBERT-v1-Spanish-beto-uncased,125,8,5
0.8470105166498291,0,0,777,814,90,43,0.9764663824735592,0.9672823774939716,0.22238996376593909,0.9228538283062645,0.8961937716262975,0.947560975609756,0.921161825726141,Spanish_Binary,ConfliBERT-v1-Spanish-beto-uncased,126,8,1
0.8468228348111403,0,0,795,793,111,25,0.974614180876322,0.9612027094558417,0.2796080315278636,0.9211136890951276,0.8774834437086093,0.9695121951219512,0.9212050984936269,Spanish_Binary,ConfliBERT-v1-Spanish-beto-uncased,126,8,2
0.8431179797779328,0,0,772,816,88,48,0.9754451759119361,0.9674795329165295,0.37325234048896366,0.9211136890951276,0.8976744186046511,0.9414634146341463,0.9190476190476189,Spanish_Binary,ConfliBERT-v1-Spanish-beto-uncased,126,8,3
0.8560846922707321,0,0,766,834,70,54,0.9770046406216275,0.9699430851098723,0.4285851280308432,0.9280742459396751,0.916267942583732,0.9341463414634147,0.92512077294686,Spanish_Binary,ConfliBERT-v1-Spanish-beto-uncased,126,8,4
0.8559873747338114,0,0,764,836,68,56,0.9758255989639543,0.9674153713073153,0.4776489656004641,0.9280742459396751,0.9182692307692307,0.9317073170731708,0.9249394673123487,Spanish_Binary,ConfliBERT-v1-Spanish-beto-uncased,126,8,5
0.8334660137115835,0,0,774,805,99,46,0.976152061299374,0.970941134309045,0.23542161865366829,0.915893271461717,0.8865979381443299,0.9439024390243902,0.9143532191376255,Spanish_Binary,ConfliBERT-v1-Spanish-beto-uncased,127,8,1
0.8350701625293397,0,0,784,795,109,36,0.9748475609756097,0.9674660973124976,0.3372401007347637,0.915893271461717,0.8779395296752519,0.9560975609756097,0.9153531815528313,Spanish_Binary,ConfliBERT-v1-Spanish-beto-uncased,127,8,2
0.8541064467466096,0,0,781,816,88,39,0.9741919382689402,0.9690382360311367,0.33331646646062535,0.9263341067285383,0.8987341772151899,0.9524390243902439,0.9248075784487862,Spanish_Binary,ConfliBERT-v1-Spanish-beto-uncased,127,8,3
0.8472777891491137,0,0,769,823,81,51,0.9747180552557738,0.9685513379957708,0.3741336812575658,0.9234338747099768,0.9047058823529411,0.9378048780487804,0.9209580838323354,Spanish_Binary,ConfliBERT-v1-Spanish-beto-uncased,127,8,4
0.8427196879100783,0,0,768,820,84,52,0.9738398445931363,0.9662375097160208,0.4500073993371593,0.9211136890951276,0.9014084507042254,0.9365853658536586,0.9186602870813397,Spanish_Binary,ConfliBERT-v1-Spanish-beto-uncased,127,8,5
0.8360124787194811,0,0,743,840,64,77,0.9742526440751132,0.9675123059337707,0.34913277067244053,0.9182134570765661,0.9206939281288724,0.9060975609756098,0.9133374308543332,Spanish_Binary,ConfliBERT-v1-Spanish-beto-uncased,128,8,1
0.8189945412090003,0,0,710,857,47,110,0.9756772069933088,0.9696077525070139,0.33850400439567035,0.9089327146171694,0.9379128137384413,0.8658536585365854,0.9004438807863031,Spanish_Binary,ConfliBERT-v1-Spanish-beto-uncased,128,8,2
0.847194245871111,0,0,768,824,80,52,0.9742553421109432,0.9658238104924416,0.390951980319288,0.9234338747099768,0.9056603773584906,0.9365853658536586,0.920863309352518,Spanish_Binary,ConfliBERT-v1-Spanish-beto-uncased,128,8,3
0.8325415403315344,0,0,740,840,64,80,0.9737278761061947,0.9665153099765277,0.5131415087315772,0.9164733178654292,0.9203980099502488,0.9024390243902439,0.9113300492610837,Spanish_Binary,ConfliBERT-v1-Spanish-beto-uncased,128,8,4
0.8465230263203325,0,0,755,837,67,65,0.9741649579106411,0.9673732825902891,0.5071408185693953,0.9234338747099768,0.9184914841849149,0.9207317073170732,0.9196102314250914,Spanish_Binary,ConfliBERT-v1-Spanish-beto-uncased,128,8,5
0.8534564890163925,0,0,755,843,61,65,0.9758525793222534,0.9696181761542928,0.26945323538449073,0.9269141531322506,0.9252450980392157,0.9207317073170732,0.9229828850855745,Spanish_Binary,ConfliBERT-v1-Spanish-beto-uncased,129,8,1
0.8142773781122287,0,0,692,869,35,128,0.9605547161666306,0.9644233985569568,0.4280371417601903,0.9054524361948956,0.951856946354883,0.8439024390243902,0.8946347769877182,Spanish_Binary,ConfliBERT-v1-Spanish-beto-uncased,129,8,2
0.8418192593375395,0,0,747,841,63,73,0.9750337254478738,0.965938434643295,0.34581055243810016,0.9211136890951276,0.9222222222222223,0.9109756097560976,0.9165644171779143,Spanish_Binary,ConfliBERT-v1-Spanish-beto-uncased,129,8,3
0.8313864653915888,0,0,739,840,64,81,0.9733164256421325,0.9642653448566817,0.429684068593714,0.915893271461717,0.9202988792029888,0.901219512195122,0.9106592729513248,Spanish_Binary,ConfliBERT-v1-Spanish-beto-uncased,129,8,4
0.8446473872623689,0,0,764,826,78,56,0.9716328512842652,0.9628520821539324,0.46238571488194996,0.9222737819025522,0.9073634204275535,0.9317073170731708,0.9193742478941035,Spanish_Binary,ConfliBERT-v1-Spanish-beto-uncased,129,8,5
0.8348545427671138,0,0,742,840,64,78,0.9744684869415066,0.9686948593620316,0.3139483249849743,0.9176334106728539,0.9205955334987593,0.9048780487804878,0.912669126691267,Spanish_Binary,ConfliBERT-v1-Spanish-beto-uncased,130,8,1
0.8344646183769407,0,0,796,780,124,24,0.9768926721346859,0.9693019121232846,0.32116905268695617,0.91415313225058,0.8652173913043478,0.9707317073170731,0.9149425287356322,Spanish_Binary,ConfliBERT-v1-Spanish-beto-uncased,130,8,2
0.8384531814857668,0,0,739,846,58,81,0.9670920569825168,0.9380508702967147,0.4093018186589082,0.9193735498839907,0.9272271016311167,0.901219512195122,0.9140383426097711,Spanish_Binary,ConfliBERT-v1-Spanish-beto-uncased,130,8,3
0.8448709948278297,0,0,767,823,81,53,0.9759146341463415,0.9708416542383855,0.40809654713504845,0.9222737819025522,0.9044811320754716,0.9353658536585366,0.919664268585132,Spanish_Binary,ConfliBERT-v1-Spanish-beto-uncased,130,8,4
0.8348895204786329,0,0,740,842,62,80,0.9738061191452623,0.9684279077578073,0.5516479520334138,0.9176334106728539,0.9226932668329177,0.9024390243902439,0.9124537607891493,Spanish_Binary,ConfliBERT-v1-Spanish-beto-uncased,130,8,5
0.839343436836754,0,0,777,807,97,43,0.9709354090222317,0.9685695787763935,0.24452663958072662,0.9187935034802784,0.8890160183066361,0.947560975609756,0.9173553719008264,Spanish_Binary,ConfliBERT-v1-Spanish-beto-uncased,131,8,1
0.8505625699333412,0,0,768,827,77,52,0.9753601877832937,0.965854679272333,0.30716969652308357,0.9251740139211136,0.9088757396449704,0.9365853658536586,0.9225225225225224,Spanish_Binary,ConfliBERT-v1-Spanish-beto-uncased,131,8,2
0.8561772959117632,0,0,794,803,101,26,0.9746249730196417,0.9590070174860733,0.3740728629959954,0.9263341067285383,0.8871508379888268,0.9682926829268292,0.925947521865889,Spanish_Binary,ConfliBERT-v1-Spanish-beto-uncased,131,8,3
0.8435200604364809,0,0,764,825,79,56,0.9738546837902006,0.9624222656204005,0.5254612556762166,0.9216937354988399,0.9062870699881376,0.9317073170731708,0.9188214070956103,Spanish_Binary,ConfliBERT-v1-Spanish-beto-uncased,131,8,4
0.8442847372749027,0,0,757,833,71,63,0.9745642672134686,0.9645006846455634,0.5694311261177063,0.9222737819025522,0.9142512077294686,0.9231707317073171,0.9186893203883495,Spanish_Binary,ConfliBERT-v1-Spanish-beto-uncased,131,8,5
0.8283160295568922,0,0,756,820,84,64,0.9728793438376862,0.9650657212224683,0.23874630158146223,0.91415313225058,0.9,0.9219512195121952,0.9108433734939759,Spanish_Binary,ConfliBERT-v1-Spanish-beto-uncased,132,8,1
0.8302558718301402,0,0,737,841,63,83,0.9770680444636305,0.9706237956933179,0.3592095383339458,0.9153132250580046,0.92125,0.8987804878048781,0.9098765432098765,Spanish_Binary,ConfliBERT-v1-Spanish-beto-uncased,132,8,2
0.8549499418526602,0,0,766,833,71,54,0.9743727066695446,0.9599447586100712,0.33910105129082996,0.9274941995359629,0.9151732377538829,0.9341463414634147,0.9245624622812312,Spanish_Binary,ConfliBERT-v1-Spanish-beto-uncased,132,8,3
0.8418381292109579,0,0,745,843,61,75,0.9758417871789338,0.9666052674003047,0.466636549267504,0.9211136890951276,0.924317617866005,0.9085365853658537,0.9163591635916358,Spanish_Binary,ConfliBERT-v1-Spanish-beto-uncased,132,8,4
0.8418192593375395,0,0,747,841,63,73,0.9746600474854306,0.9647727137409339,0.5194061679972543,0.9211136890951276,0.9222222222222223,0.9109756097560976,0.9165644171779143,Spanish_Binary,ConfliBERT-v1-Spanish-beto-uncased,132,8,5
0.8167767178250614,0,0,708,857,47,112,0.9750364234837039,0.9682067604596857,0.37574636273913914,0.9077726218097448,0.937748344370861,0.8634146341463415,0.899047619047619,Spanish_Binary,ConfliBERT-v1-Spanish-beto-cased,123,8,1
0.8268782808672565,0,0,732,843,61,88,0.9746276710554715,0.9688901894610344,0.38192448930607903,0.9135730858468677,0.9230769230769231,0.8926829268292683,0.907625542467452,Spanish_Binary,ConfliBERT-v1-Spanish-beto-cased,123,8,2
0.8400002470360379,0,0,762,824,80,58,0.974552126052234,0.9662793344015814,0.35432347820864785,0.919953596287703,0.9049881235154394,0.9292682926829269,0.9169675090252707,Spanish_Binary,ConfliBERT-v1-Spanish-beto-cased,123,8,3
0.8243740409383697,0,0,738,835,69,82,0.9731855709043815,0.9633261306562644,0.4870612447460492,0.9124129930394431,0.9144981412639405,0.9,0.9071911493546404,Spanish_Binary,ConfliBERT-v1-Spanish-beto-cased,123,8,4
0.8376108356892836,0,0,760,824,80,60,0.9724058385495358,0.9619358930642524,0.5202742748790317,0.9187935034802784,0.9047619047619048,0.926829268292683,0.9156626506024096,Spanish_Binary,ConfliBERT-v1-Spanish-beto-cased,123,8,5
0.8497279501101106,0,0,781,812,92,39,0.9777182710986403,0.9719872870064207,0.2513312954041693,0.9240139211136891,0.8946162657502864,0.9524390243902439,0.9226225634967513,Spanish_Binary,ConfliBERT-v1-Spanish-beto-cased,124,8,1
0.8478747825481487,0,0,775,817,87,45,0.9768333153464278,0.9717950203995003,0.29897481410039795,0.9234338747099768,0.8990719257540604,0.9451219512195121,0.9215219976218787,Spanish_Binary,ConfliBERT-v1-Spanish-beto-cased,124,8,2
0.8521159027643693,0,0,795,798,106,25,0.9650482948413555,0.9296020404686218,0.4446498105923335,0.9240139211136891,0.8823529411764706,0.9695121951219512,0.9238814642649622,Spanish_Binary,ConfliBERT-v1-Spanish-beto-cased,124,8,3
0.8479902479437764,0,0,776,816,88,44,0.970320256853011,0.963698501179493,0.5043448077307807,0.9234338747099768,0.8981481481481481,0.9463414634146341,0.9216152019002375,Spanish_Binary,ConfliBERT-v1-Spanish-beto-cased,124,8,4
0.84542979450778,0,0,757,834,70,63,0.9746910748974745,0.9666184355155119,0.5199147253135581,0.9228538283062645,0.9153567110036276,0.9231707317073171,0.9192471159684273,Spanish_Binary,ConfliBERT-v1-Spanish-beto-cased,124,8,5
0.8418621863079911,0,0,786,799,105,34,0.9737035937837254,0.9634348311520498,0.24756337453921637,0.9193735498839907,0.8821548821548821,0.9585365853658536,0.9187609585037989,Spanish_Binary,ConfliBERT-v1-Spanish-beto-cased,125,8,1
0.8401452249391271,0,0,764,822,82,56,0.9740502913878697,0.9677457626194467,0.2895115191737811,0.919953596287703,0.9030732860520094,0.9317073170731708,0.9171668667466987,Spanish_Binary,ConfliBERT-v1-Spanish-beto-cased,125,8,2
0.8255286396294368,0,0,741,833,71,79,0.973588927260954,0.9631193792831535,0.38776693410343593,0.9129930394431555,0.9125615763546798,0.9036585365853659,0.9080882352941178,Spanish_Binary,ConfliBERT-v1-Spanish-beto-cased,125,8,3
0.8360124787194811,0,0,743,840,64,77,0.9725488344485216,0.9634133709618209,0.44162627392345005,0.9182134570765661,0.9206939281288724,0.9060975609756098,0.9133374308543332,Spanish_Binary,ConfliBERT-v1-Spanish-beto-cased,125,8,4
0.8396011821753223,0,0,754,832,72,66,0.9740138679041658,0.9653924674955158,0.4441764396097925,0.919953596287703,0.9128329297820823,0.9195121951219513,0.9161603888213852,Spanish_Binary,ConfliBERT-v1-Spanish-beto-cased,125,8,5
0.8360289394676053,0,0,749,834,70,71,0.9756191992229657,0.9671619521541545,0.2868454083800316,0.9182134570765661,0.9145299145299145,0.9134146341463415,0.9139719341061623,Spanish_Binary,ConfliBERT-v1-Spanish-beto-cased,126,8,1
0.8222541277115231,0,0,807,754,150,13,0.9763827433628319,0.9707367520421486,0.303188503616386,0.9054524361948956,0.8432601880877743,0.9841463414634146,0.9082723691615081,Spanish_Binary,ConfliBERT-v1-Spanish-beto-cased,126,8,2
0.8366993493411076,0,0,763,820,84,57,0.9731599395639973,0.9642730243692214,0.3785400688648224,0.9182134570765661,0.9008264462809917,0.9304878048780488,0.9154169166166767,Spanish_Binary,ConfliBERT-v1-Spanish-beto-cased,126,8,3
0.8386279967001515,0,0,758,827,77,62,0.9754262896611267,0.969693513144129,0.40353282375468147,0.9193735498839907,0.9077844311377246,0.9243902439024391,0.916012084592145,Spanish_Binary,ConfliBERT-v1-Spanish-beto-cased,126,8,4
0.8337219424614801,0,0,749,832,72,71,0.9730007554500324,0.9673050531945042,0.47943247689141166,0.9170533642691415,0.9123020706455542,0.9134146341463415,0.9128580134064594,Spanish_Binary,ConfliBERT-v1-Spanish-beto-cased,126,8,5
0.8424253727404585,0,0,783,803,101,37,0.9770572523203108,0.9706054312019727,0.24593600465191734,0.919953596287703,0.8857466063348416,0.9548780487804878,0.9190140845070423,Spanish_Binary,ConfliBERT-v1-Spanish-beto-cased,127,8,1
0.8522017675811209,0,0,774,822,82,46,0.9737224800345348,0.9651740957161794,0.31378600456648403,0.925754060324826,0.9042056074766355,0.9439024390243902,0.9236276849642004,Spanish_Binary,ConfliBERT-v1-Spanish-beto-cased,127,8,2
0.8435200604364809,0,0,764,825,79,56,0.97531836822793,0.9673396471572017,0.3298601301956094,0.9216937354988399,0.9062870699881376,0.9317073170731708,0.9188214070956103,Spanish_Binary,ConfliBERT-v1-Spanish-beto-cased,127,8,3
0.8371843325457565,0,0,749,835,69,71,0.9734189510036694,0.9664591444877965,0.3903967953390545,0.9187935034802784,0.9156479217603912,0.9134146341463415,0.9145299145299146,Spanish_Binary,ConfliBERT-v1-Spanish-beto-cased,127,8,4
0.8360982254915891,0,0,752,831,73,68,0.9738600798618606,0.9670462011818158,0.4746473746167289,0.9182134570765661,0.9115151515151515,0.9170731707317074,0.9142857142857143,Spanish_Binary,ConfliBERT-v1-Spanish-beto-cased,127,8,5
0.8478303586333215,0,0,760,833,71,60,0.9735079861860567,0.9636164778597542,0.3267010748386383,0.9240139211136891,0.914560770156438,0.926829268292683,0.9206541490006057,Spanish_Binary,ConfliBERT-v1-Spanish-beto-cased,128,8,1
0.8354452951736688,0,0,786,793,111,34,0.9727430930282753,0.9615388271107328,0.2853098495139016,0.915893271461717,0.8762541806020067,0.9585365853658536,0.9155503785672685,Spanish_Binary,ConfliBERT-v1-Spanish-beto-cased,128,8,2
0.8465587086268985,0,0,744,848,56,76,0.9756461795812649,0.9660863749397335,0.3726882264018059,0.9234338747099768,0.93,0.9073170731707317,0.9185185185185186,Spanish_Binary,ConfliBERT-v1-Spanish-beto-cased,128,8,3
0.8477546563192342,0,0,758,835,69,62,0.9743302126052235,0.9653365234941879,0.3858862775895331,0.9240139211136891,0.9165659008464329,0.9243902439024391,0.9204614450516091,Spanish_Binary,ConfliBERT-v1-Spanish-beto-cased,128,8,4
0.8501548068669715,0,0,761,834,70,59,0.9741069501402979,0.9653760614249769,0.39569749804731047,0.9251740139211136,0.9157641395908543,0.9280487804878049,0.9218655360387644,Spanish_Binary,ConfliBERT-v1-Spanish-beto-cased,128,8,5
0.8511896672675026,0,0,747,849,55,73,0.9768333153464278,0.9692190606988433,0.3052060343325138,0.925754060324826,0.9314214463840399,0.9109756097560976,0.9210850801479654,Spanish_Binary,ConfliBERT-v1-Spanish-beto-cased,129,8,1
0.8077922601292004,0,0,712,846,58,108,0.9645943503129722,0.9558185914336327,0.4407492031653722,0.9037122969837587,0.9246753246753247,0.8682926829268293,0.8955974842767295,Spanish_Binary,ConfliBERT-v1-Spanish-beto-cased,129,8,2
0.8191443695235889,0,0,721,847,57,99,0.9715829376214117,0.9607278988464141,0.33606782886717057,0.9095127610208816,0.9267352185089974,0.8792682926829268,0.9023779724655819,Spanish_Binary,ConfliBERT-v1-Spanish-beto-cased,129,8,3
0.8304922946777958,0,0,731,847,57,89,0.9511588063889488,0.9556048443591267,0.4169582517610656,0.9153132250580046,0.9276649746192893,0.8914634146341464,0.9092039800995024,Spanish_Binary,ConfliBERT-v1-Spanish-beto-cased,129,8,4
0.834985722491115,0,0,753,829,75,67,0.9727984027627886,0.9634661161000301,0.4777253129416042,0.9176334106728539,0.9094202898550725,0.9182926829268293,0.9138349514563108,Spanish_Binary,ConfliBERT-v1-Spanish-beto-cased,129,8,5
0.8313458025103689,0,0,743,836,68,77,0.9739733973667171,0.9673092329915214,0.2826377633545134,0.915893271461717,0.9161528976572133,0.9060975609756098,0.9110974862047823,Spanish_Binary,ConfliBERT-v1-Spanish-beto-cased,130,8,1
0.8544412285468908,0,0,796,799,105,24,0.9738857112022449,0.9650885342964007,0.28334011510014534,0.9251740139211136,0.8834628190899001,0.9707317073170731,0.9250435793143521,Spanish_Binary,ConfliBERT-v1-Spanish-beto-cased,130,8,2
0.8489719926585362,0,0,760,834,70,60,0.9734472803798834,0.9668354572437983,0.3719061008758015,0.9245939675174014,0.9156626506024096,0.926829268292683,0.9212121212121213,Spanish_Binary,ConfliBERT-v1-Spanish-beto-cased,130,8,3
0.842393927587996,0,0,764,824,80,56,0.9702285236347938,0.9553783863099665,0.43323317915201187,0.9211136890951276,0.9052132701421801,0.9317073170731708,0.9182692307692308,Spanish_Binary,ConfliBERT-v1-Spanish-beto-cased,130,8,4
0.8395466773415111,0,0,752,834,70,68,0.9638908374703217,0.925670698716483,0.5114607430166669,0.919953596287703,0.9148418491484185,0.9170731707317074,0.9159561510353228,Spanish_Binary,ConfliBERT-v1-Spanish-beto-cased,130,8,5
0.8299217392681446,0,0,790,783,121,30,0.9714898553852795,0.9519971355502083,0.26471615582704544,0.9124129930394431,0.867178924259056,0.9634146341463414,0.9127671865973426,Spanish_Binary,ConfliBERT-v1-Spanish-beto-cased,131,8,1
0.8475836676802461,0,0,788,802,102,32,0.9761817396935031,0.9673371141430362,0.2361521901976731,0.9222737819025522,0.8853932584269663,0.9609756097560975,0.9216374269005848,Spanish_Binary,ConfliBERT-v1-Spanish-beto-cased,131,8,2
0.8479902479437764,0,0,776,816,88,44,0.9708524444204618,0.9626718975075,0.32685507875349784,0.9234338747099768,0.8981481481481481,0.9463414634146341,0.9216152019002375,Spanish_Binary,ConfliBERT-v1-Spanish-beto-cased,131,8,3
0.8372005180228793,0,0,750,834,70,70,0.9733042844808978,0.9642387340508418,0.37876448035240173,0.9187935034802784,0.9146341463414634,0.9146341463414634,0.9146341463414634,Spanish_Binary,ConfliBERT-v1-Spanish-beto-cased,131,8,4
0.8333387707525363,0,0,763,817,87,57,0.9683776710554717,0.9625157198956507,0.4219505596492026,0.9164733178654292,0.8976470588235295,0.9304878048780488,0.9137724550898205,Spanish_Binary,ConfliBERT-v1-Spanish-beto-cased,131,8,5
0.7816227940280448,0,0,670,862,42,150,0.9656229764731274,0.9629956909215027,0.34321264343129265,0.888631090487239,0.9410112359550562,0.8170731707317073,0.8746736292428198,Spanish_Binary,ConfliBERT-v1-Spanish-beto-cased,132,8,1
0.8360256046413694,0,0,742,841,63,78,0.9753979602849125,0.9705377319735653,0.312344029545784,0.9182134570765661,0.9217391304347826,0.9048780487804878,0.9132307692307693,Spanish_Binary,ConfliBERT-v1-Spanish-beto-cased,132,8,2
0.8399345372223814,0,0,761,825,79,59,0.9747814590977769,0.9661315575852358,0.3282305323001411,0.919953596287703,0.905952380952381,0.9280487804878049,0.9168674698795181,Spanish_Binary,ConfliBERT-v1-Spanish-beto-cased,132,8,3
0.8370529917625357,0,0,767,816,88,53,0.972952190805094,0.9649069658676792,0.39756837652789223,0.9182134570765661,0.8970760233918129,0.9353658536585366,0.9158208955223882,Spanish_Binary,ConfliBERT-v1-Spanish-beto-cased,132,8,4
0.8278593281090495,0,0,743,833,71,77,0.9724125836391108,0.9651267126476414,0.45602381146616405,0.91415313225058,0.9127764127764127,0.9060975609756098,0.9094247246022031,Spanish_Binary,ConfliBERT-v1-Spanish-beto-cased,132,8,5
0.8294064946936007,0,0,776,799,105,44,0.9666698143751348,0.9611655454024087,0.26860958420568043,0.9135730858468677,0.8808172531214529,0.9463414634146341,0.9124044679600235,Spanish_Binary,bert-multilingual-uncased-finetune,123,8,1
0.841666606569517,0,0,778,808,96,42,0.9279624433412476,0.8301168232064216,0.3031218494806025,0.919953596287703,0.8901601830663616,0.948780487804878,0.9185360094451004,Spanish_Binary,bert-multilingual-uncased-finetune,123,8,2
0.8464363447827485,0,0,798,789,115,22,0.9697347830779193,0.9606387650130224,0.31274572884043056,0.9205336426914154,0.8740416210295728,0.973170731707317,0.9209463358338142,Spanish_Binary,bert-multilingual-uncased-finetune,123,8,3
0.8466031533816251,0,0,782,808,96,38,0.967023257068854,0.9568313210175025,0.3379687886271212,0.9222737819025522,0.8906605922551253,0.9536585365853658,0.9210836277974086,Spanish_Binary,bert-multilingual-uncased-finetune,123,8,4
0.8538164203597846,0,0,766,832,72,54,0.9706102957047268,0.9622892294237858,0.33615784760978484,0.9269141531322506,0.9140811455847255,0.9341463414634147,0.9240048250904705,Spanish_Binary,bert-multilingual-uncased-finetune,123,8,5
0.8093999568314267,0,0,778,778,126,42,0.9066047917116339,0.7873074062293488,0.2911512793766128,0.9025522041763341,0.8606194690265486,0.948780487804878,0.9025522041763341,Spanish_Binary,bert-multilingual-uncased-finetune,124,8,1
0.8433443462192662,0,0,774,814,90,46,0.9713441614504641,0.9607927751365494,0.2764595647652944,0.9211136890951276,0.8958333333333334,0.9439024390243902,0.9192399049881235,Spanish_Binary,bert-multilingual-uncased-finetune,124,8,2
0.842491340712893,0,0,776,811,93,44,0.9732800021584286,0.9654782944085317,0.31786177762680584,0.9205336426914154,0.8929804372842347,0.9463414634146341,0.9188869153345175,Spanish_Binary,bert-multilingual-uncased-finetune,124,8,3
0.8424685698128471,0,0,765,823,81,55,0.9730938376861644,0.9654988308415708,0.35037871781322694,0.9211136890951276,0.9042553191489362,0.9329268292682927,0.9183673469387754,Spanish_Binary,bert-multilingual-uncased-finetune,124,8,4
0.8387414912978829,0,0,760,825,79,60,0.9726574303906756,0.9648711589803983,0.4282691859536701,0.9193735498839907,0.9058402860548271,0.926829268292683,0.9162145871006631,Spanish_Binary,bert-multilingual-uncased-finetune,124,8,5
0.7956054100189945,0,0,793,746,158,27,0.9672944096697603,0.9587994736157538,0.3004649554689725,0.892691415313225,0.8338590956887487,0.9670731707317073,0.8955392433653304,Spanish_Binary,bert-multilingual-uncased-finetune,125,8,1
0.8255544487932918,0,0,744,830,74,76,0.9705819663285128,0.961166678995416,0.28498222844468224,0.9129930394431555,0.9095354523227384,0.9073170731707317,0.9084249084249085,Spanish_Binary,bert-multilingual-uncased-finetune,125,8,2
0.8314806236390543,0,0,751,828,76,69,0.9699749082667818,0.9601802275025132,0.32708583192692864,0.915893271461717,0.9081015719467956,0.9158536585365854,0.9119611414693383,Spanish_Binary,bert-multilingual-uncased-finetune,125,8,3
0.8505578806444029,0,0,779,815,89,41,0.9712955968055256,0.9603508310744637,0.32393710646364426,0.9245939675174014,0.8974654377880185,0.95,0.9229857819905214,Spanish_Binary,bert-multilingual-uncased-finetune,125,8,4
0.8337452895637065,0,0,750,831,73,70,0.9699115044247788,0.9580190264702332,0.37597522801823086,0.9170533642691415,0.9113001215066828,0.9146341463414634,0.9129640900791236,Spanish_Binary,bert-multilingual-uncased-finetune,125,8,5
0.7719432612966335,0,0,682,844,60,138,0.9528444042736888,0.9378805907929781,0.3089507826500469,0.8851508120649652,0.9191374663072777,0.8317073170731707,0.8732394366197183,Spanish_Binary,bert-multilingual-uncased-finetune,126,8,1
0.8225576138060492,0,0,766,804,100,54,0.936540848262465,0.8682136419698571,0.32415521807140774,0.9106728538283063,0.8845265588914549,0.9341463414634147,0.9086595492289442,Spanish_Binary,bert-multilingual-uncased-finetune,126,8,2
0.8384552090734171,0,0,754,831,73,66,0.9666091085689619,0.9584129243544992,0.34816763136121964,0.9193735498839907,0.9117291414752116,0.9195121951219513,0.9156041287188827,Spanish_Binary,bert-multilingual-uncased-finetune,126,8,3
0.8336728235190972,0,0,744,837,67,76,0.9685112238290524,0.958208399993495,0.3510362265838517,0.9170533642691415,0.9173859432799013,0.9073170731707317,0.9123237277743714,Spanish_Binary,bert-multilingual-uncased-finetune,126,8,4
0.8396352298830089,0,0,755,831,73,65,0.9688012626807683,0.9580517547401999,0.3579431109958225,0.919953596287703,0.9118357487922706,0.9207317073170732,0.9162621359223302,Spanish_Binary,bert-multilingual-uncased-finetune,126,8,5
0.8177889491718641,0,0,771,794,110,49,0.9682535614072956,0.9598136404053491,0.37626973042885464,0.9077726218097448,0.8751418842224744,0.9402439024390243,0.9065255731922398,Spanish_Binary,bert-multilingual-uncased-finetune,127,8,1
0.7929311365966989,0,0,684,859,45,136,0.9170691236779625,0.9360609201643431,0.3830588964952363,0.8950116009280742,0.9382716049382716,0.8341463414634146,0.8831504196255647,Spanish_Binary,bert-multilingual-uncased-finetune,127,8,2
0.8441464422143473,0,0,748,842,62,72,0.9700275199654652,0.9615517273961315,0.3399431084593137,0.9222737819025522,0.9234567901234568,0.9121951219512195,0.9177914110429448,Spanish_Binary,bert-multilingual-uncased-finetune,127,8,3
0.8444646822443825,0,0,761,829,75,59,0.9707458720051801,0.9621946612278071,0.3630556497308943,0.9222737819025522,0.9102870813397129,0.9280487804878049,0.9190821256038648,Spanish_Binary,bert-multilingual-uncased-finetune,127,8,4
0.8403965869718556,0,0,767,819,85,53,0.9709859971940427,0.9621987329153254,0.3639532931976848,0.919953596287703,0.9002347417840375,0.9353658536585366,0.9174641148325359,Spanish_Binary,bert-multilingual-uncased-finetune,127,8,5
0.8193523358985723,0,0,774,792,112,46,0.9681334988128643,0.9589694224886439,0.33845054192675483,0.9083526682134571,0.873589164785553,0.9439024390243902,0.9073856975381007,Spanish_Binary,bert-multilingual-uncased-finetune,128,8,1
0.8396341463414634,0,0,791,791,113,29,0.9649855655083099,0.9400087390114672,0.31729934281773037,0.9176334106728539,0.875,0.9646341463414634,0.9176334106728538,Spanish_Binary,bert-multilingual-uncased-finetune,128,8,2
0.8526361496682866,0,0,778,818,86,42,0.9710662637599827,0.961551873151409,0.28828419082694584,0.925754060324826,0.9004629629629629,0.948780487804878,0.9239904988123515,Spanish_Binary,bert-multilingual-uncased-finetune,128,8,3
0.8515587953483968,0,0,786,808,96,34,0.9718500431685733,0.9634294845241198,0.3300193084610833,0.9245939675174014,0.891156462585034,0.9585365853658536,0.9236192714453584,Spanish_Binary,bert-multilingual-uncased-finetune,128,8,4
0.8428124590837099,0,0,769,819,85,51,0.9715519102093676,0.96224948531481,0.368714586728149,0.9211136890951276,0.9004683840749415,0.9378048780487804,0.918757467144564,Spanish_Binary,bert-multilingual-uncased-finetune,128,8,5
0.8170488419045596,0,0,717,849,55,103,0.9693880854737751,0.9589084801984483,0.311886024971803,0.9083526682134571,0.9287564766839378,0.874390243902439,0.9007537688442212,Spanish_Binary,bert-multilingual-uncased-finetune,129,8,1
0.8251258215884197,0,0,796,771,133,24,0.9709549697819988,0.9605253952508299,0.3341992571949959,0.9089327146171694,0.8568353067814855,0.9707317073170731,0.910234419668382,Spanish_Binary,bert-multilingual-uncased-finetune,129,8,2
0.8174160350986427,0,0,733,834,70,87,0.9688956939348154,0.9546110868689652,0.401299843357669,0.9089327146171694,0.912826899128269,0.8939024390243903,0.9032655576093653,Spanish_Binary,bert-multilingual-uncased-finetune,129,8,3
0.839280899981126,0,0,767,818,86,53,0.968816101877833,0.9589214555446335,0.39102309859461254,0.9193735498839907,0.8991793669402111,0.9353658536585366,0.9169157202630006,Spanish_Binary,bert-multilingual-uncased-finetune,129,8,4
0.8395797866925276,0,0,770,815,89,50,0.9692369954672998,0.9583681860201758,0.42318085332711536,0.9193735498839907,0.8963911525029103,0.9390243902439024,0.9172126265634307,Spanish_Binary,bert-multilingual-uncased-finetune,129,8,5
0.8266997198109247,0,0,743,832,72,77,0.9696342812432549,0.9597294528391062,0.3300591442320082,0.9135730858468677,0.9116564417177914,0.9060975609756098,0.908868501529052,Spanish_Binary,bert-multilingual-uncased-finetune,130,8,1
0.8245906922655344,0,0,730,843,61,90,0.9722979171163393,0.9618150322662568,0.3768927144507567,0.9124129930394431,0.922882427307206,0.8902439024390244,0.9062693978895097,Spanish_Binary,bert-multilingual-uncased-finetune,130,8,2
0.846548662726509,0,0,773,818,86,47,0.975688673645586,0.9683133642541427,0.2991946621073617,0.9228538283062645,0.89988358556461,0.9426829268292682,0.9207861822513401,Spanish_Binary,bert-multilingual-uncased-finetune,130,8,3
0.8431144515244063,0,0,787,799,105,33,0.9737022447658105,0.9655878705776016,0.3060176016555892,0.919953596287703,0.8822869955156951,0.9597560975609756,0.919392523364486,Spanish_Binary,bert-multilingual-uncased-finetune,130,8,4
0.8448143619196363,0,0,777,812,92,43,0.9728388733002374,0.9633399994886372,0.3355176630947325,0.9216937354988399,0.8941311852704258,0.947560975609756,0.9200710479573713,Spanish_Binary,bert-multilingual-uncased-finetune,130,8,5
0.7533791958208473,0,0,641,864,40,179,0.9690521800129506,0.9577654517003309,0.40350118031104404,0.872969837587007,0.9412628487518355,0.7817073170731708,0.854097268487675,Spanish_Binary,bert-multilingual-uncased-finetune,131,8,1
0.822583306571898,0,0,790,776,128,30,0.9651359810058276,0.9398675342111573,0.32335858129792744,0.9083526682134571,0.8605664488017429,0.9634146341463414,0.9090909090909091,Spanish_Binary,bert-multilingual-uncased-finetune,131,8,2
0.8492945274886997,0,0,766,828,76,54,0.9738115152169221,0.9664288461069572,0.3042711582448747,0.9245939675174014,0.9097387173396675,0.9341463414634147,0.9217809867629363,Spanish_Binary,bert-multilingual-uncased-finetune,131,8,3
0.8580720198974262,0,0,786,814,90,34,0.973780487804878,0.9644630941193899,0.31759947703944313,0.9280742459396751,0.8972602739726028,0.9585365853658536,0.9268867924528301,Spanish_Binary,bert-multilingual-uncased-finetune,131,8,4
0.8455508036087238,0,0,760,831,73,60,0.9722358622922512,0.9614865458256099,0.358648709124989,0.9228538283062645,0.9123649459783914,0.926829268292683,0.9195402298850576,Spanish_Binary,bert-multilingual-uncased-finetune,131,8,5
0.800726390514213,0,0,690,860,44,130,0.9678137815670192,0.9597924981512296,0.38955843407246804,0.8990719257540604,0.9400544959128065,0.8414634146341463,0.8880308880308879,Spanish_Binary,bert-multilingual-uncased-finetune,132,8,1
0.8303313187999136,0,0,787,787,117,33,0.9317342974314698,0.8413392630648139,0.2611533080538114,0.9129930394431555,0.870575221238938,0.9597560975609756,0.9129930394431554,Spanish_Binary,bert-multilingual-uncased-finetune,132,8,2
0.8435888779913652,0,0,776,812,92,44,0.9684296082451975,0.9615842684127446,0.3386441498166985,0.9211136890951276,0.8940092165898618,0.9463414634146341,0.919431279620853,Spanish_Binary,bert-multilingual-uncased-finetune,132,8,3
0.8197293251605485,0,0,735,834,70,85,0.9717461687891216,0.9641259727892298,0.40032195548216504,0.910092807424594,0.9130434782608695,0.8963414634146342,0.9046153846153847,Spanish_Binary,bert-multilingual-uncased-finetune,132,8,4
0.8339295020252753,0,0,755,826,78,65,0.9728779948197712,0.9655971942144637,0.3969556109772788,0.9170533642691415,0.9063625450180072,0.9207317073170732,0.9134906231094979,Spanish_Binary,bert-multilingual-uncased-finetune,132,8,5
0.8210727479414541,0,0,729,841,63,91,0.9711944204619037,0.9641736655008535,0.29935308007730377,0.9106728538283063,0.9204545454545454,0.8890243902439025,0.9044665012406947,Spanish_Binary,bert-multilingual-cased-finetune,123,8,1
0.8232958114278139,0,0,733,839,65,87,0.969776602633283,0.9602943221377515,0.27379514111412895,0.9118329466357309,0.918546365914787,0.8939024390243903,0.9060568603213844,Spanish_Binary,bert-multilingual-cased-finetune,123,8,2
0.8400602581500609,0,0,793,789,115,27,0.9737440643211741,0.9655218976098392,0.33405664397610557,0.9176334106728539,0.8733480176211453,0.9670731707317073,0.9178240740740741,Spanish_Binary,bert-multilingual-cased-finetune,123,8,3
0.8373492581170258,0,0,755,829,75,65,0.9740017267429311,0.9661096073025095,0.39166510270701516,0.9187935034802784,0.9096385542168675,0.9207317073170732,0.9151515151515153,Spanish_Binary,bert-multilingual-cased-finetune,123,8,4
0.8513031808533457,0,0,776,819,85,44,0.9716706237858839,0.960779053621506,0.37239444338613087,0.9251740139211136,0.9012775842044135,0.9463414634146341,0.9232599643069601,Spanish_Binary,bert-multilingual-cased-finetune,123,8,5
0.824364739484184,0,0,740,833,71,80,0.9690413878696309,0.9579565683570257,0.2848675784965356,0.9124129930394431,0.9124537607891492,0.9024390243902439,0.9074187614960147,Spanish_Binary,bert-multilingual-cased-finetune,124,8,1
0.8405757622522932,0,0,778,807,97,42,0.9659480897906323,0.9579105565711431,0.34460127353668213,0.9193735498839907,0.8891428571428571,0.948780487804878,0.9179941002949852,Spanish_Binary,bert-multilingual-cased-finetune,124,8,2
0.842898971075586,0,0,779,808,96,41,0.9713333693071444,0.9632658702097474,0.34889700098170173,0.9205336426914154,0.8902857142857142,0.95,0.919174041297935,Spanish_Binary,bert-multilingual-cased-finetune,124,8,3
0.8359407613906998,0,0,767,815,89,53,0.9693867364558602,0.9599960154607323,0.3774788760476642,0.9176334106728539,0.8960280373831776,0.9353658536585366,0.9152744630071599,Spanish_Binary,bert-multilingual-cased-finetune,124,8,4
0.8255719835959422,0,0,745,829,75,75,0.9683830671271314,0.95958025687603,0.4832610653506385,0.9129930394431555,0.9085365853658537,0.9085365853658537,0.9085365853658537,Spanish_Binary,bert-multilingual-cased-finetune,124,8,5
0.8171655775896286,0,0,757,809,95,63,0.9389852687243686,0.9363540348285545,0.30402562353346085,0.9083526682134571,0.8884976525821596,0.9231707317073171,0.9055023923444977,Spanish_Binary,bert-multilingual-cased-finetune,125,8,1
0.8343743096827941,0,0,780,799,105,40,0.9694791441830347,0.963042475533522,0.27523686095244354,0.915893271461717,0.8813559322033898,0.9512195121951219,0.9149560117302052,Spanish_Binary,bert-multilingual-cased-finetune,125,8,2
0.8154172491047782,0,0,723,842,62,97,0.9430255773796675,0.9389253211398797,0.3843036774131987,0.9077726218097448,0.9210191082802548,0.8817073170731707,0.9009345794392523,Spanish_Binary,bert-multilingual-cased-finetune,125,8,3
0.8233271724725141,0,0,732,840,64,88,0.9677247463846319,0.961178628337021,0.3695850471655528,0.9118329466357309,0.9195979899497487,0.8926829268292683,0.9059405940594059,Spanish_Binary,bert-multilingual-cased-finetune,125,8,4
0.8378452982994063,0,0,774,809,95,46,0.9703121627455212,0.9613640547162591,0.35349973622295594,0.9182134570765661,0.8906789413118527,0.9439024390243902,0.9165186500888098,Spanish_Binary,bert-multilingual-cased-finetune,125,8,5
0.8243854050122117,0,0,737,836,68,83,0.965412529678394,0.9541886709506906,0.318214507566558,0.9124129930394431,0.915527950310559,0.8987804878048781,0.9070769230769231,Spanish_Binary,bert-multilingual-cased-finetune,126,8,1
0.818551247627514,0,0,736,832,72,84,0.9673564644938486,0.9574296553910819,0.37907784928878147,0.9095127610208816,0.9108910891089109,0.8975609756097561,0.9041769041769042,Spanish_Binary,bert-multilingual-cased-finetune,126,8,2
0.8294464035146569,0,0,756,821,83,64,0.9700066101877832,0.9631294445721544,0.36406498816278243,0.9147331786542924,0.901072705601907,0.9219512195121952,0.9113924050632911,Spanish_Binary,bert-multilingual-cased-finetune,126,8,3
0.8448709948278297,0,0,767,823,81,53,0.9675851230304339,0.9608590227802113,0.3246213131480747,0.9222737819025522,0.9044811320754716,0.9353658536585366,0.919664268585132,Spanish_Binary,bert-multilingual-cased-finetune,126,8,4
0.8383959411287495,0,0,752,833,71,68,0.9660182387222103,0.9586460618679236,0.37063372590475613,0.9193735498839907,0.913730255164034,0.9170731707317074,0.9153986609860013,Spanish_Binary,bert-multilingual-cased-finetune,126,8,5
0.8139000013973263,0,0,737,827,77,83,0.9341773688754587,0.9422232685887422,0.3615440357890394,0.9071925754060325,0.9054054054054054,0.8987804878048781,0.9020807833537331,Spanish_Binary,bert-multilingual-cased-finetune,127,8,1
0.8232286567633307,0,0,736,836,68,84,0.9675210446794733,0.9588982793991948,0.350804664608505,0.9118329466357309,0.9154228855721394,0.8975609756097561,0.9064039408866994,Spanish_Binary,bert-multilingual-cased-finetune,127,8,2
0.8404894144273838,0,0,768,818,86,52,0.9720719566155839,0.9665493625595214,0.3610286878214942,0.919953596287703,0.8992974238875878,0.9365853658536586,0.9175627240143369,Spanish_Binary,bert-multilingual-cased-finetune,127,8,3
0.8376108356892836,0,0,760,824,80,60,0.9713819339520829,0.964033842257387,0.32749420859747463,0.9187935034802784,0.9047619047619048,0.926829268292683,0.9156626506024096,Spanish_Binary,bert-multilingual-cased-finetune,127,8,4
0.8351686742233028,0,0,757,825,79,63,0.9707465465141377,0.962658222651182,0.3636131551530626,0.9176334106728539,0.9055023923444976,0.9231707317073171,0.9142512077294686,Spanish_Binary,bert-multilingual-cased-finetune,127,8,5
0.8356619404852992,0,0,764,818,86,56,0.9685678825814807,0.9609878971751714,0.25533597140262526,0.9176334106728539,0.8988235294117647,0.9317073170731708,0.9149700598802395,Spanish_Binary,bert-multilingual-cased-finetune,128,8,1
0.8418752976738628,0,0,743,845,59,77,0.9730709043816101,0.9657943280644354,0.30213144256008995,0.9211136890951276,0.92643391521197,0.9060975609756098,0.9161528976572132,Spanish_Binary,bert-multilingual-cased-finetune,128,8,2
0.8478303586333215,0,0,760,833,71,60,0.9746445337794086,0.9684045480552268,0.3220975854330593,0.9240139211136891,0.914560770156438,0.926829268292683,0.9206541490006057,Spanish_Binary,bert-multilingual-cased-finetune,128,8,3
0.8459925349140699,0,0,767,824,80,53,0.9748367688322901,0.96746001024083,0.3622838349805938,0.9228538283062645,0.9055489964580874,0.9353658536585366,0.9202159568086383,Spanish_Binary,bert-multilingual-cased-finetune,128,8,4
0.8478750639254135,0,0,761,832,72,59,0.9739180876322037,0.9676220849734535,0.42497392495473224,0.9240139211136891,0.9135654261704682,0.9280487804878049,0.9207501512401695,Spanish_Binary,bert-multilingual-cased-finetune,128,8,5
0.8199754043054202,0,0,727,842,62,93,0.9672863155622706,0.9555868709322165,0.28953371776474846,0.910092807424594,0.9214195183776933,0.8865853658536585,0.90366687383468,Spanish_Binary,bert-multilingual-cased-finetune,129,8,1
0.8052123371293848,0,0,714,842,62,106,0.9675561191452622,0.9588041334817786,0.26460777554247117,0.9025522041763341,0.9201030927835051,0.8707317073170732,0.8947368421052632,Spanish_Binary,bert-multilingual-cased-finetune,129,8,2
0.81044888345302,0,0,729,832,72,91,0.9697226419166847,0.9574450149725693,0.3831721627049976,0.9054524361948956,0.9101123595505618,0.8890243902439025,0.8994447871684146,Spanish_Binary,bert-multilingual-cased-finetune,129,8,3
0.834457799341766,0,0,763,818,86,57,0.9712982948413554,0.9595551557692135,0.3911575261089537,0.9170533642691415,0.8987043580683156,0.9304878048780488,0.9143199520671061,Spanish_Binary,bert-multilingual-cased-finetune,129,8,4
0.8352871341561857,0,0,759,823,81,61,0.970097668897043,0.9577887235363789,0.4274241816666391,0.9176334106728539,0.9035714285714286,0.925609756097561,0.9144578313253012,Spanish_Binary,bert-multilingual-cased-finetune,129,8,5
0.7990402561438136,0,0,717,834,70,103,0.9644803582991581,0.9554564287629048,0.3120501985152562,0.8996519721577726,0.9110546378653113,0.874390243902439,0.8923459863098941,Spanish_Binary,bert-multilingual-cased-finetune,130,8,1
0.8421245791541273,0,0,773,814,90,47,0.9684748003453485,0.9425478086841844,0.256275980008973,0.9205336426914154,0.895712630359212,0.9426829268292682,0.9185977421271538,Spanish_Binary,bert-multilingual-cased-finetune,130,8,2
0.8246380434850027,0,0,729,844,60,91,0.9729940103604575,0.9650479204689185,0.31155120115727186,0.9124129930394431,0.9239543726235742,0.8890243902439025,0.9061528899937851,Spanish_Binary,bert-multilingual-cased-finetune,130,8,3
0.8504231813173104,0,0,766,829,75,54,0.9575686650118713,0.9088668315147777,0.30603689990109867,0.9251740139211136,0.9108204518430439,0.9341463414634147,0.9223359422034919,Spanish_Binary,bert-multilingual-cased-finetune,130,8,4
0.8538164203597846,0,0,766,832,72,54,0.9538467245845024,0.8951528068445859,0.33472375276808936,0.9269141531322506,0.9140811455847255,0.9341463414634147,0.9240048250904705,Spanish_Binary,bert-multilingual-cased-finetune,130,8,5
0.8290580603427644,0,0,738,839,65,82,0.9739228091949061,0.9644944711894999,0.28852368394533795,0.9147331786542924,0.9190535491905355,0.9,0.9094269870609982,Spanish_Binary,bert-multilingual-cased-finetune,131,8,1
0.8019854906396053,0,0,690,861,43,130,0.9731774767968917,0.9650264521959998,0.3782457725869285,0.8996519721577726,0.9413369713506139,0.8414634146341463,0.8886027044430135,Spanish_Binary,bert-multilingual-cased-finetune,131,8,2
0.8257793481059946,0,0,730,844,60,90,0.973125539607166,0.9648620443743354,0.30630676199992496,0.9129930394431555,0.9240506329113924,0.8902439024390244,0.9068322981366461,Spanish_Binary,bert-multilingual-cased-finetune,131,8,3
0.8432761666374311,0,0,760,829,75,60,0.9732125512626807,0.963698166317515,0.32567816393242943,0.9216937354988399,0.9101796407185628,0.926829268292683,0.918429003021148,Spanish_Binary,bert-multilingual-cased-finetune,131,8,4
0.8455059103996714,0,0,759,832,72,61,0.9711418087632204,0.9586220971391699,0.36880527933438617,0.9228538283062645,0.9133574007220217,0.925609756097561,0.919442761962447,Spanish_Binary,bert-multilingual-cased-finetune,131,8,5
0.8036257644717045,0,0,796,750,154,24,0.919487912799482,0.817760426036725,0.3593066549963421,0.8967517401392111,0.8378947368421052,0.9707317073170731,0.8994350282485876,Spanish_Binary,bert-multilingual-cased-finetune,132,8,1
0.8290414848638747,0,0,739,838,66,81,0.9736132095834231,0.9661842885724282,0.3130442284875446,0.9147331786542924,0.9180124223602485,0.901219512195122,0.9095384615384615,Spanish_Binary,bert-multilingual-cased-finetune,132,8,2
0.8444475253269771,0,0,774,815,89,46,0.9677186758040147,0.9418065694127283,0.3109954545895259,0.9216937354988399,0.8968713789107764,0.9439024390243902,0.9197860962566844,Spanish_Binary,bert-multilingual-cased-finetune,132,8,3
0.833937114889823,0,0,769,811,93,51,0.9698332613857112,0.961702796145411,0.3693804947866334,0.9164733178654292,0.8921113689095128,0.9378048780487804,0.9143876337693222,Spanish_Binary,bert-multilingual-cased-finetune,132,8,4
0.828095142291816,0,0,752,824,80,68,0.9700383121087848,0.9623352037255399,0.47014879766437745,0.91415313225058,0.9038461538461539,0.9170731707317074,0.910411622276029,Spanish_Binary,bert-multilingual-cased-finetune,132,8,5
0.8278988304834485,0,0,718,857,47,102,0.9740867148715735,0.9683582949693667,0.3366568825311131,0.9135730858468677,0.938562091503268,0.875609756097561,0.905993690851735,Spanish_Binary,beto-uncased-finetune,123,8,1
0.8441452092727265,0,0,750,840,64,70,0.9682124163608893,0.9652993548902795,0.3051926845477687,0.9222737819025522,0.9213759213759214,0.9146341463414634,0.9179926560587515,Spanish_Binary,beto-uncased-finetune,123,8,2
0.8336386412476594,0,0,782,796,108,38,0.9734971940427368,0.9681145581458289,0.3652549997334265,0.9153132250580046,0.8786516853932584,0.9536585365853658,0.9146198830409357,Spanish_Binary,beto-uncased-finetune,123,8,3
0.8510905599270633,0,0,774,821,83,46,0.9735268724368659,0.9690186066992698,0.3527635897561494,0.9251740139211136,0.9031505250875146,0.9439024390243902,0.9230769230769231,Spanish_Binary,beto-uncased-finetune,123,8,4
0.8420887017348455,0,0,759,829,75,61,0.965930552557738,0.9648332843084632,0.40561062056157327,0.9211136890951276,0.9100719424460432,0.925609756097561,0.9177750906892382,Spanish_Binary,beto-uncased-finetune,123,8,5
0.828553213472433,0,0,770,805,99,50,0.9745022123893805,0.9698061755501366,0.27079951970113647,0.9135730858468677,0.8860759493670886,0.9390243902439024,0.9117821195973949,Spanish_Binary,beto-uncased-finetune,124,8,1
0.8449457442184369,0,0,778,811,93,42,0.9707418249514354,0.9523521680929892,0.3428637973136372,0.9216937354988399,0.8932261768082663,0.948780487804878,0.9201655824955647,Spanish_Binary,beto-uncased-finetune,124,8,2
0.8362232783998891,0,0,778,803,101,42,0.9741069501402978,0.9688469334845446,0.38816508071290123,0.9170533642691415,0.8850967007963595,0.948780487804878,0.9158328428487345,Spanish_Binary,beto-uncased-finetune,124,8,3
0.834985722491115,0,0,753,829,75,67,0.9733353118929419,0.9676974285280143,0.34730999627047116,0.9176334106728539,0.9094202898550725,0.9182926829268293,0.9138349514563108,Spanish_Binary,beto-uncased-finetune,124,8,4
0.8411965513321336,0,0,763,824,80,57,0.9734998920785668,0.9670159153545397,0.3946354024940067,0.9205336426914154,0.9051008303677343,0.9304878048780488,0.9176187612748046,Spanish_Binary,beto-uncased-finetune,124,8,5
0.8374926762285727,0,0,758,826,78,62,0.9540092812432548,0.9583989311768799,0.3442951374583774,0.9187935034802784,0.9066985645933014,0.9243902439024391,0.9154589371980677,Spanish_Binary,beto-uncased-finetune,125,8,1
0.836253762341965,0,0,756,827,77,64,0.9723936973883013,0.9656808926948448,0.3194488315946526,0.9182134570765661,0.907563025210084,0.9219512195121952,0.9147005444646098,Spanish_Binary,beto-uncased-finetune,125,8,2
0.8353955982053907,0,0,772,809,95,48,0.9740435462982949,0.9674910588444956,0.37266624470551807,0.9170533642691415,0.8904267589388697,0.9414634146341463,0.9152341434499112,Spanish_Binary,beto-uncased-finetune,125,8,3
0.8307766714448528,0,0,759,819,85,61,0.9713279732354845,0.965220038381114,0.40706872443358105,0.9153132250580046,0.8992890995260664,0.925609756097561,0.9122596153846155,Spanish_Binary,beto-uncased-finetune,125,8,4
0.8316557417942322,0,0,755,824,80,65,0.9708261385711201,0.9655888760353659,0.4019467466407352,0.915893271461717,0.9041916167664671,0.9207317073170732,0.9123867069486405,Spanish_Binary,beto-uncased-finetune,125,8,5
0.8268052958839138,0,0,734,841,63,86,0.9668451867040795,0.9604890483591736,0.2927391015821033,0.9135730858468677,0.9209535759096612,0.8951219512195122,0.9078540507111936,Spanish_Binary,beto-uncased-finetune,126,8,1
0.8300650107832143,0,0,780,795,109,40,0.9746748866824951,0.9695243996025373,0.2898664354450173,0.9135730858468677,0.8773903262092239,0.9512195121951219,0.9128145114101813,Spanish_Binary,beto-uncased-finetune,126,8,2
0.8420887017348455,0,0,759,829,75,61,0.9694595834232678,0.9527388193271787,0.3525517698791292,0.9211136890951276,0.9100719424460432,0.925609756097561,0.9177750906892382,Spanish_Binary,beto-uncased-finetune,126,8,3
0.8212246621916832,0,0,751,819,85,69,0.9719161450464061,0.9671196296651817,0.40776218473911285,0.9106728538283063,0.8983253588516746,0.9158536585365854,0.9070048309178744,Spanish_Binary,beto-uncased-finetune,126,8,4
0.8247988596230439,0,0,754,819,85,66,0.9698642887977552,0.9630663107135414,0.4447421713007821,0.9124129930394431,0.8986889153754469,0.9195121951219513,0.9089813140446052,Spanish_Binary,beto-uncased-finetune,126,8,5
0.8145547027732014,0,0,787,772,132,33,0.9715546082451976,0.9637848211442114,0.3213766887784004,0.904292343387471,0.8563656147986942,0.9597560975609756,0.9051178838412881,Spanish_Binary,beto-uncased-finetune,127,8,1
0.8302133194394835,0,0,739,839,65,81,0.9680700949708612,0.9643863835264127,0.3237810884084966,0.9153132250580046,0.9191542288557214,0.901219512195122,0.9100985221674878,Spanish_Binary,beto-uncased-finetune,127,8,2
0.8410240402153375,0,0,781,804,100,39,0.9749460392834017,0.9703810417524334,0.3029218564430873,0.9193735498839907,0.8864926220204313,0.9524390243902439,0.9182833627278071,Spanish_Binary,beto-uncased-finetune,127,8,3
0.8422582387554793,0,0,762,826,78,58,0.9725812108784804,0.968199825339922,0.37415245837635464,0.9211136890951276,0.9071428571428571,0.9292682926829269,0.9180722891566265,Spanish_Binary,beto-uncased-finetune,127,8,4
0.8423238171492033,0,0,763,825,79,57,0.9727093675804015,0.9667159002633524,0.3969769345389472,0.9211136890951276,0.9061757719714965,0.9304878048780488,0.9181708784596873,Spanish_Binary,beto-uncased-finetune,127,8,5
0.8265511464894263,0,0,762,812,92,58,0.970449762572847,0.9644113861461633,0.3663664104210006,0.9129930394431555,0.892271662763466,0.9292682926829269,0.910394265232975,Spanish_Binary,beto-uncased-finetune,128,8,1
0.8293534928470458,0,0,730,847,57,90,0.9723181523850637,0.9638580085152935,0.2938700181742509,0.9147331786542924,0.9275730622617535,0.8902439024390244,0.9085252022401991,Spanish_Binary,beto-uncased-finetune,128,8,2
0.8464814414097058,0,0,748,844,60,72,0.9718338549535938,0.9664612742936245,0.35301436069938874,0.9234338747099768,0.9257425742574258,0.9121951219512195,0.918918918918919,Spanish_Binary,beto-uncased-finetune,128,8,3
0.8386279967001515,0,0,758,827,77,62,0.9657848586229225,0.9619348980195664,0.42985055843989056,0.9193735498839907,0.9077844311377246,0.9243902439024391,0.916012084592145,Spanish_Binary,beto-uncased-finetune,128,8,4
0.8389455875068038,0,0,763,822,82,57,0.9706669544571551,0.9644459336574334,0.4475430990051892,0.9193735498839907,0.9029585798816568,0.9304878048780488,0.9165165165165166,Spanish_Binary,beto-uncased-finetune,128,8,5
0.8467370438790411,0,0,761,831,73,59,0.9737143859270451,0.9668909879593499,0.27065759483310914,0.9234338747099768,0.9124700239808153,0.9280487804878049,0.9201934703748488,Spanish_Binary,beto-uncased-finetune,129,8,1
0.841956463634185,0,0,780,806,98,40,0.9728672026764515,0.9666968482304824,0.27217712067067623,0.919953596287703,0.8883826879271071,0.9512195121951219,0.9187279151943463,Spanish_Binary,beto-uncased-finetune,129,8,2
0.8476338622495008,0,0,751,842,62,69,0.9717050237427154,0.9632322950575267,0.30653198932607967,0.9240139211136891,0.923739237392374,0.9158536585365854,0.9197795468462951,Spanish_Binary,beto-uncased-finetune,129,8,3
0.8383401662757034,0,0,744,841,63,76,0.9705866878912153,0.9618008241690659,0.3935521725151274,0.9193735498839907,0.9219330855018587,0.9073170731707317,0.9145666871542717,Spanish_Binary,beto-uncased-finetune,129,8,4
0.8488484759799397,0,0,756,838,66,64,0.9710723343406,0.9615990263666657,0.4128421112481091,0.9245939675174014,0.9197080291970803,0.9219512195121952,0.9208282582216809,Spanish_Binary,beto-uncased-finetune,129,8,5
0.8256677480453315,0,0,716,857,47,104,0.9726837362400172,0.9689388808913332,0.3110453536113103,0.9124129930394431,0.9384010484927916,0.8731707317073171,0.9046114971572962,Spanish_Binary,beto-uncased-finetune,130,8,1
0.7856306991223915,0,0,807,717,187,13,0.9670731707317073,0.9533065174970484,0.34073761685027015,0.8839907192575406,0.8118712273641852,0.9841463414634146,0.8897464167585448,Spanish_Binary,beto-uncased-finetune,130,8,2
0.8408570139323712,0,0,757,830,74,63,0.97340006475286,0.9690530844950842,0.39353855864869225,0.9205336426914154,0.910950661853189,0.9231707317073171,0.9170199878861297,Spanish_Binary,beto-uncased-finetune,130,8,3
0.842393927587996,0,0,764,824,80,56,0.9745750593567882,0.9696934515844795,0.33360384818580413,0.9211136890951276,0.9052132701421801,0.9317073170731708,0.9182692307692308,Spanish_Binary,beto-uncased-finetune,130,8,4
0.8306397310899901,0,0,757,821,83,63,0.9729724260738183,0.9677096221187907,0.37873636020554435,0.9153132250580046,0.9011904761904762,0.9231707317073171,0.9120481927710844,Spanish_Binary,beto-uncased-finetune,130,8,5
0.8349212537950917,0,0,751,831,73,69,0.9703094647096914,0.9634194150810121,0.28209232290585834,0.9176334106728539,0.9114077669902912,0.9158536585365854,0.913625304136253,Spanish_Binary,beto-uncased-finetune,131,8,1
0.8321345905184733,0,0,762,817,87,58,0.971376537880423,0.9637891576724624,0.3457081640760104,0.915893271461717,0.8975265017667845,0.9292682926829269,0.9131216297183943,Spanish_Binary,beto-uncased-finetune,131,8,2
0.8453345734691537,0,0,772,818,86,48,0.974164957910641,0.9668205753688596,0.30914200138714576,0.9222737819025522,0.8997668997668997,0.9414634146341463,0.9201430274135876,Spanish_Binary,beto-uncased-finetune,131,8,3
0.8298113816951805,0,0,761,816,88,59,0.9687068314267213,0.9532175221089505,0.4199332512087292,0.9147331786542924,0.8963486454652533,0.9280487804878049,0.9119233073696824,Spanish_Binary,beto-uncased-finetune,131,8,4
0.830851845444247,0,0,760,818,86,60,0.9674225663716814,0.9589794407394695,0.43272458720538354,0.9153132250580046,0.8983451536643026,0.926829268292683,0.9123649459783915,Spanish_Binary,beto-uncased-finetune,131,8,5
0.8336887626292886,0,0,747,834,70,73,0.9718122706669545,0.967425552317507,0.2770453757709927,0.9170533642691415,0.9143206854345165,0.9109756097560976,0.9126450824679292,Spanish_Binary,beto-uncased-finetune,132,8,1
0.8426314496835879,0,0,767,821,83,53,0.9728375242823226,0.9677343490872048,0.3043369890915023,0.9211136890951276,0.9023529411764706,0.9353658536585366,0.918562874251497,Spanish_Binary,beto-uncased-finetune,132,8,2
0.8316141702801021,0,0,768,810,94,52,0.9714372436865961,0.9664833934066428,0.3595292849673165,0.9153132250580046,0.8909512761020881,0.9365853658536586,0.9131985731272296,Spanish_Binary,beto-uncased-finetune,132,8,3
0.8290946379986636,0,0,748,829,75,72,0.9699344377293331,0.9645953532949718,0.466744311981731,0.9147331786542924,0.9088699878493317,0.9121951219512195,0.9105295191722459,Spanish_Binary,beto-uncased-finetune,132,8,4
0.8281436753022589,0,0,753,823,81,67,0.9679864558601337,0.9619213982524392,0.4817924623688062,0.91415313225058,0.9028776978417267,0.9182926829268293,0.9105199516324063,Spanish_Binary,beto-uncased-finetune,132,8,5
0.8166293457162307,0,0,693,870,34,127,0.9056834124757177,0.9027771598805494,0.45912405600150424,0.9066125290023201,0.953232462173315,0.8451219512195122,0.8959276018099547,Spanish_Binary,beto-cased-finetune,123,8,1
0.8406816844930325,0,0,744,843,61,76,0.9772569069717245,0.9703329334084765,0.2902369296385182,0.9205336426914154,0.924223602484472,0.9073170731707317,0.9156923076923077,Spanish_Binary,beto-cased-finetune,123,8,2
0.8272480613058332,0,0,713,861,43,107,0.9767240448953162,0.970092882125837,0.3414279917875926,0.9129930394431555,0.9431216931216931,0.8695121951219512,0.9048223350253808,Spanish_Binary,beto-cased-finetune,123,8,3
0.8490612149511388,0,0,762,832,72,58,0.9776926397582559,0.9693734945967529,0.3535613001634677,0.9245939675174014,0.9136690647482014,0.9292682926829269,0.9214026602176542,Spanish_Binary,beto-cased-finetune,123,8,4
0.8479781753097178,0,0,763,830,74,57,0.9779111806604791,0.9697178706870904,0.362645806123813,0.9240139211136891,0.9115890083632019,0.9304878048780488,0.9209414604707302,Spanish_Binary,beto-cased-finetune,123,8,5
0.8294844825909113,0,0,788,785,119,32,0.9629573170731706,0.9641580547214716,0.28011539288693005,0.9124129930394431,0.8687982359426681,0.9609756097560975,0.9125651418645049,Spanish_Binary,beto-cased-finetune,124,8,1
0.8396331187604649,0,0,779,805,99,41,0.9513948845240665,0.8878333703757151,0.2855159077379439,0.9187935034802784,0.8872437357630979,0.95,0.9175500588928149,Spanish_Binary,beto-cased-finetune,124,8,2
0.8432761666374311,0,0,760,829,75,60,0.9707836445067992,0.9640305907574552,0.356216908329063,0.9216937354988399,0.9101796407185628,0.926829268292683,0.918429003021148,Spanish_Binary,beto-cased-finetune,124,8,3
0.825533796073062,0,0,739,835,69,81,0.9742391538959638,0.966447062036917,0.3954300151930915,0.9129930394431555,0.9146039603960396,0.901219512195122,0.9078624078624078,Spanish_Binary,beto-cased-finetune,124,8,4
0.8468882135309489,0,0,776,815,89,44,0.9738708720051802,0.9659366457328412,0.35098232742812896,0.9228538283062645,0.8971098265895954,0.9463414634146341,0.9210682492581602,Spanish_Binary,beto-cased-finetune,124,8,5
0.8428316413102338,0,0,796,788,116,24,0.9725744657889056,0.962410992127709,0.28634653074873817,0.9187935034802784,0.8728070175438597,0.9707317073170731,0.9191685912240185,Spanish_Binary,beto-cased-finetune,125,8,1
0.8511945800824965,0,0,775,820,84,45,0.9725205050723074,0.9641011760083317,0.2947026992009746,0.9251740139211136,0.9022118742724098,0.9451219512195121,0.9231685527099465,Spanish_Binary,beto-cased-finetune,125,8,2
0.8523478958238784,0,0,758,839,65,62,0.9760266026332829,0.9685676143765696,0.36737827046049965,0.9263341067285383,0.9210206561360875,0.9243902439024391,0.9227023737066342,Spanish_Binary,beto-cased-finetune,125,8,3
0.8516877325025106,0,0,768,828,76,52,0.9733420569825167,0.9654209853644079,0.39670539067851174,0.925754060324826,0.909952606635071,0.9365853658536586,0.923076923076923,Spanish_Binary,beto-cased-finetune,125,8,4
0.8394898135285136,0,0,747,839,65,73,0.9732165983164256,0.9655425836134733,0.41968920573385227,0.919953596287703,0.9199507389162561,0.9109756097560976,0.9154411764705882,Spanish_Binary,beto-cased-finetune,125,8,5
0.8384552090734171,0,0,754,831,73,66,0.9717083962875026,0.9595770506609498,0.24911463095082176,0.9193735498839907,0.9117291414752116,0.9195121951219513,0.9156041287188827,Spanish_Binary,beto-cased-finetune,126,8,1
0.8306118115356708,0,0,793,780,124,27,0.9747355924886683,0.9648009611173075,0.2772018528646893,0.9124129930394431,0.8647764449291166,0.9670731707317073,0.9130685089234312,Spanish_Binary,beto-cased-finetune,126,8,2
0.8561402658545879,0,0,767,833,71,53,0.9759631987912799,0.967927711733519,0.3458998699982961,0.9280742459396751,0.9152744630071599,0.9353658536585366,0.925211097708082,Spanish_Binary,beto-cased-finetune,126,8,3
0.8474585483963625,0,0,771,821,83,49,0.9742391538959637,0.966191224592914,0.32543722374571693,0.9234338747099768,0.9028103044496487,0.9402439024390243,0.921146953405018,Spanish_Binary,beto-cased-finetune,126,8,4
0.8466899639198129,0,0,760,832,72,60,0.9736631232462768,0.9645407572656202,0.3899230907360713,0.9234338747099768,0.9134615384615384,0.926829268292683,0.9200968523002422,Spanish_Binary,beto-cased-finetune,126,8,5
0.8274881728718878,0,0,760,815,89,60,0.9696909399956831,0.9545618573854707,0.3225820105936792,0.9135730858468677,0.8951707891637221,0.926829268292683,0.9107249850209707,Spanish_Binary,beto-cased-finetune,127,8,1
0.8044243056956195,0,0,709,846,58,111,0.9688194744226204,0.9631625794728809,0.33205704804923797,0.9019721577726219,0.924380704041721,0.8646341463414634,0.8935097668557026,Spanish_Binary,beto-cased-finetune,127,8,2
0.8411965513321336,0,0,763,824,80,57,0.9655892510252535,0.9318103433460282,0.323190505305926,0.9205336426914154,0.9051008303677343,0.9304878048780488,0.9176187612748046,Spanish_Binary,beto-cased-finetune,127,8,3
0.8466094909708496,0,0,758,834,70,62,0.9728692262033241,0.9541916835605172,0.3179558830128776,0.9234338747099768,0.9154589371980676,0.9243902439024391,0.9199029126213593,Spanish_Binary,beto-cased-finetune,127,8,4
0.8514925748649813,0,0,765,831,73,55,0.9741561892941937,0.9590585177128638,0.2837255348761876,0.925754060324826,0.9128878281622912,0.9329268292682927,0.9227985524728588,Spanish_Binary,beto-cased-finetune,127,8,5
0.8573940840847791,0,0,769,832,72,51,0.9745635927045111,0.9645270432972165,0.3459029131465488,0.9286542923433875,0.9143876337693222,0.9378048780487804,0.9259482239614689,Spanish_Binary,beto-cased-finetune,128,8,1
0.8576898875746932,0,0,773,828,76,47,0.9715451651197928,0.9536051881902488,0.2669763612664408,0.9286542923433875,0.9104829210836278,0.9426829268292682,0.926303175554224,Spanish_Binary,beto-cased-finetune,128,8,2
0.8395103092962495,0,0,750,836,68,70,0.9751416468810706,0.9665371831941718,0.33458055969741607,0.919953596287703,0.9168704156479217,0.9146341463414634,0.9157509157509157,Spanish_Binary,beto-cased-finetune,128,8,3
0.8453498259283795,0,0,754,837,67,66,0.9726068422188645,0.952475483634709,0.3427267972793844,0.9228538283062645,0.9183922046285018,0.9195121951219513,0.9189518586227909,Spanish_Binary,beto-cased-finetune,128,8,4
0.8482391734480338,0,0,767,826,78,53,0.9749932549104251,0.967219641079857,0.3358837626874447,0.9240139211136891,0.9076923076923077,0.9353658536585366,0.9213213213213214,Spanish_Binary,beto-cased-finetune,128,8,5
0.8494870613109013,0,0,734,860,44,86,0.975898445931362,0.9694332734025086,0.3216090690758493,0.9245939675174014,0.9434447300771208,0.8951219512195122,0.918648310387985,Spanish_Binary,beto-cased-finetune,129,8,1
0.8216350955472,0,0,720,850,54,100,0.9735295704726958,0.96656020881928,0.3480929632981618,0.9106728538283063,0.9302325581395349,0.8780487804878049,0.9033877038895859,Spanish_Binary,beto-cased-finetune,129,8,2
0.8168852997574596,0,0,719,847,57,101,0.9716773688754586,0.9639938805330598,0.3797722773419486,0.9083526682134571,0.9265463917525774,0.8768292682926829,0.9010025062656642,Spanish_Binary,beto-cased-finetune,129,8,3
0.8326609687951682,0,0,752,828,76,68,0.9700437081804446,0.9619501701530505,0.43952953649891746,0.9164733178654292,0.9082125603864735,0.9170731707317074,0.9126213592233011,Spanish_Binary,beto-cased-finetune,129,8,4
0.8425477437845482,0,0,766,822,82,54,0.9686960392834015,0.9551720682577718,0.5101317473583751,0.9211136890951276,0.9033018867924528,0.9341463414634147,0.9184652278177459,Spanish_Binary,beto-cased-finetune,129,8,5
0.8442297319416474,0,0,743,847,57,77,0.9733730843945607,0.9605798736575107,0.32567504834797645,0.9222737819025522,0.92875,0.9060975609756098,0.9172839506172838,Spanish_Binary,beto-cased-finetune,130,8,1
0.8431934678558115,0,0,781,806,98,39,0.9725164580185625,0.965053706407403,0.2924183772669898,0.9205336426914154,0.888509670079636,0.9524390243902439,0.9193643319599765,Spanish_Binary,beto-cased-finetune,130,8,2
0.8483640507217982,0,0,779,813,91,41,0.9624251295057198,0.9281665413032035,0.3656772846976916,0.9234338747099768,0.8954022988505748,0.95,0.9218934911242603,Spanish_Binary,beto-cased-finetune,130,8,3
0.8350425576433974,0,0,769,812,92,51,0.9688929958989856,0.9513144923580062,0.3942364975810051,0.9170533642691415,0.8931475029036005,0.9378048780487804,0.9149315883402737,Spanish_Binary,beto-cased-finetune,130,8,4
0.8269103245304706,0,0,751,824,80,69,0.9711836283185842,0.9631084564375544,0.45847288705408573,0.9135730858468677,0.9037304452466908,0.9158536585365854,0.9097516656571776,Spanish_Binary,beto-cased-finetune,130,8,5
0.8407206465785959,0,0,779,806,98,41,0.9689280703647745,0.9573417846602927,0.24368283649285635,0.9193735498839907,0.8882554161915621,0.95,0.9180907483794931,Spanish_Binary,beto-cased-finetune,131,8,1
0.8519149579185731,0,0,781,814,90,39,0.9743942909561838,0.9654844817553375,0.2857801367839177,0.9251740139211136,0.8966704936854191,0.9524390243902439,0.9237137788290952,Spanish_Binary,beto-cased-finetune,131,8,2
0.8557365273048386,0,0,776,823,81,44,0.974918384416145,0.9627165569666526,0.25703441351652145,0.9274941995359629,0.9054842473745625,0.9463414634146341,0.9254621347644604,Spanish_Binary,beto-cased-finetune,131,8,3
0.8490612149511388,0,0,762,832,72,58,0.9721448035829916,0.9498619008470266,0.3063365262415674,0.9245939675174014,0.9136690647482014,0.9292682926829269,0.9214026602176542,Spanish_Binary,beto-cased-finetune,131,8,4
0.8575327593892637,0,0,771,830,74,49,0.9766484998920786,0.9703349128580212,0.30425648970736396,0.9286542923433875,0.9124260355029585,0.9402439024390243,0.9261261261261261,Spanish_Binary,beto-cased-finetune,131,8,5
0.831294759622008,0,0,765,813,91,55,0.9696255126268076,0.9641843395986722,0.2438592194683022,0.9153132250580046,0.8936915887850467,0.9329268292682927,0.9128878281622912,Spanish_Binary,beto-cased-finetune,132,8,1
0.8548436163773117,0,0,778,820,84,42,0.9749554824088064,0.9685928332520554,0.2749128170932333,0.9269141531322506,0.9025522041763341,0.948780487804878,0.9250891795481568,Spanish_Binary,beto-cased-finetune,132,8,2
0.8579601826232256,0,0,776,825,79,44,0.9752144938484782,0.9671655510476636,0.29473225177369183,0.9286542923433875,0.9076023391812865,0.9463414634146341,0.9265671641791045,Spanish_Binary,beto-cased-finetune,132,8,3
0.8444128728069433,0,0,760,830,74,60,0.9730398769695661,0.9633097327243709,0.3741236792670356,0.9222737819025522,0.9112709832134293,0.926829268292683,0.9189842805320436,Spanish_Binary,beto-cased-finetune,132,8,4
0.8467886842496525,0,0,762,830,74,58,0.9724773364990287,0.9629576911503682,0.38338909298181534,0.9234338747099768,0.9114832535885168,0.9292682926829269,0.9202898550724639,Spanish_Binary,beto-cased-finetune,132,8,5
