mcc,eval_loss,acc,prec_micro,prec_macro,rec_micro,rec_macro,f1_micro,f1_macro,data_name,model_name,seed,train_batch_size,epoch
0.5012075010093735,1.0312453243467543,0.6020066889632107,0.6020066889632107,0.6184271377874032,0.6020066889632107,0.5912578876975162,0.6020066889632107,0.5901053059451169,Arabic_MultiClass,ConfliBERT-v2-Arabic-multilingual-uncased,123,8,1
0.5578823451155195,1.031168242295583,0.6465997770345596,0.6465997770345596,0.6517691389079208,0.6465997770345596,0.6449104611024115,0.6465997770345596,0.6418997726948896,Arabic_MultiClass,ConfliBERT-v2-Arabic-multilingual-uncased,123,8,2
0.5385456631888684,1.2892901632520888,0.6343366778149386,0.6343366778149386,0.656530315516077,0.6343366778149386,0.6162613077473759,0.6343366778149386,0.6262749411389805,Arabic_MultiClass,ConfliBERT-v2-Arabic-multilingual-uncased,123,8,3
0.5366106126401862,1.7410213285022311,0.6321070234113713,0.6321070234113713,0.6373022137048603,0.6321070234113713,0.6272972574520562,0.6321070234113713,0.6304347866085503,Arabic_MultiClass,ConfliBERT-v2-Arabic-multilingual-uncased,123,8,4
0.5379301330583626,1.968746582667033,0.633221850613155,0.633221850613155,0.6351427977909445,0.633221850613155,0.6300990818328279,0.633221850613155,0.6317026891214862,Arabic_MultiClass,ConfliBERT-v2-Arabic-multilingual-uncased,123,8,5
0.5207955515200152,0.9915795723597208,0.6164994425863991,0.6164994425863991,0.6315037816863189,0.6164994425863991,0.6113260894685043,0.6164994425863991,0.6120725672800502,Arabic_MultiClass,ConfliBERT-v2-Arabic-multilingual-uncased,124,8,1
0.5631652828445356,1.0077795187632244,0.6521739130434783,0.6521739130434783,0.6520682684680009,0.6521739130434783,0.6542605055298554,0.6521739130434783,0.6512825032116878,Arabic_MultiClass,ConfliBERT-v2-Arabic-multilingual-uncased,124,8,2
0.5416284999282842,1.2535050908724468,0.6343366778149386,0.6343366778149386,0.6290558705044385,0.6343366778149386,0.6375456526849715,0.6343366778149386,0.6314993324559509,Arabic_MultiClass,ConfliBERT-v2-Arabic-multilingual-uncased,124,8,3
0.526975823564323,1.7212811443540785,0.6243032329988851,0.6243032329988851,0.6323556171782254,0.6243032329988851,0.6187788363330158,0.6243032329988851,0.6233342813994258,Arabic_MultiClass,ConfliBERT-v2-Arabic-multilingual-uncased,124,8,4
0.5591295778477114,1.874198489718967,0.6499442586399108,0.6499442586399108,0.6512164917848332,0.6499442586399108,0.6476636078803262,0.6499442586399108,0.6485855777708038,Arabic_MultiClass,ConfliBERT-v2-Arabic-multilingual-uncased,124,8,5
0.542680577455625,0.9861181179682413,0.6376811594202898,0.6376811594202898,0.6418885389922204,0.6376811594202898,0.6294926903905231,0.6376811594202898,0.6335731327131813,Arabic_MultiClass,ConfliBERT-v2-Arabic-multilingual-uncased,125,8,1
0.5662593383656436,1.056237108177609,0.6555183946488294,0.6555183946488294,0.6536668137116475,0.6555183946488294,0.6522299389172453,0.6555183946488294,0.6526094398894452,Arabic_MultiClass,ConfliBERT-v2-Arabic-multilingual-uncased,125,8,2
0.5639618460647924,1.2131470441818237,0.653288740245262,0.653288740245262,0.6637142086610599,0.653288740245262,0.6440794354726244,0.653288740245262,0.6479133171061475,Arabic_MultiClass,ConfliBERT-v2-Arabic-multilingual-uncased,125,8,3
0.5462356601464843,1.7798173957400851,0.6387959866220736,0.6387959866220736,0.6346609324641982,0.6387959866220736,0.6388915053930534,0.6387959866220736,0.6355784513350569,Arabic_MultiClass,ConfliBERT-v2-Arabic-multilingual-uncased,125,8,4
0.5364704587544065,1.938479569223192,0.6309921962095875,0.6309921962095875,0.6316692499494574,0.6309921962095875,0.6306332471347952,0.6309921962095875,0.6291889472263201,Arabic_MultiClass,ConfliBERT-v2-Arabic-multilingual-uncased,125,8,5
0.5443080997049653,0.9969355132844713,0.633221850613155,0.633221850613155,0.6509350113318139,0.633221850613155,0.6291702095726863,0.633221850613155,0.6281315900327853,Arabic_MultiClass,ConfliBERT-v2-Arabic-multilingual-uncased,126,8,1
0.5467618118003528,0.9809150497118632,0.6399108138238573,0.6399108138238573,0.646473794872016,0.6399108138238573,0.633516130017678,0.6399108138238573,0.6357175760838362,Arabic_MultiClass,ConfliBERT-v2-Arabic-multilingual-uncased,126,8,2
0.5462508251522092,1.2892698182000055,0.6387959866220736,0.6387959866220736,0.6491500050300857,0.6387959866220736,0.6303424565653668,0.6387959866220736,0.6325742206775079,Arabic_MultiClass,ConfliBERT-v2-Arabic-multilingual-uncased,126,8,3
0.5543981312881419,1.703557186656528,0.6454849498327759,0.6454849498327759,0.6473255570191603,0.6454849498327759,0.6445853372169161,0.6454849498327759,0.6440211225628061,Arabic_MultiClass,ConfliBERT-v2-Arabic-multilingual-uncased,126,8,4
0.5489804186656819,1.94504976272583,0.6421404682274248,0.6421404682274248,0.644128928319714,0.6421404682274248,0.639006618294544,0.6421404682274248,0.6404715907896666,Arabic_MultiClass,ConfliBERT-v2-Arabic-multilingual-uncased,126,8,5
0.4909058708156581,1.0611002643903096,0.5930880713489409,0.5930880713489409,0.6086339203352147,0.5930880713489409,0.592730448272244,0.5930880713489409,0.5875211815187524,Arabic_MultiClass,ConfliBERT-v2-Arabic-multilingual-uncased,127,8,1
0.5013584422053683,1.117133034600152,0.5975473801560758,0.5975473801560758,0.6013280054478536,0.5975473801560758,0.6036015183693203,0.5975473801560758,0.5905197418183433,Arabic_MultiClass,ConfliBERT-v2-Arabic-multilingual-uncased,127,8,2
0.5415469111378641,1.3304899798499212,0.633221850613155,0.633221850613155,0.6421431490147945,0.633221850613155,0.6269566204860323,0.633221850613155,0.6249277816129557,Arabic_MultiClass,ConfliBERT-v2-Arabic-multilingual-uncased,127,8,3
0.5485731643766829,1.7756525940365262,0.6410256410256411,0.6410256410256411,0.636560722236589,0.6410256410256411,0.6381352559990332,0.6410256410256411,0.636653660659085,Arabic_MultiClass,ConfliBERT-v2-Arabic-multilingual-uncased,127,8,4
0.5472734036514165,1.9512555069393582,0.6399108138238573,0.6399108138238573,0.638411588522098,0.6399108138238573,0.6371704698949282,0.6399108138238573,0.6361151739908688,Arabic_MultiClass,ConfliBERT-v2-Arabic-multilingual-uncased,127,8,5
0.5088127480241611,1.015601012441847,0.6109253065774805,0.6109253065774805,0.6242020314704795,0.6109253065774805,0.5937511505313363,0.6109253065774805,0.5995032003729095,Arabic_MultiClass,ConfliBERT-v2-Arabic-multilingual-uncased,128,8,1
0.5313530597829463,1.0422933101654053,0.6254180602006689,0.6254180602006689,0.6345037722067086,0.6254180602006689,0.6224849086149395,0.6254180602006689,0.618450561257473,Arabic_MultiClass,ConfliBERT-v2-Arabic-multilingual-uncased,128,8,2
0.5364218101805968,1.3037642770343356,0.633221850613155,0.633221850613155,0.6354104038732263,0.633221850613155,0.6223585859189574,0.633221850613155,0.6265004391408823,Arabic_MultiClass,ConfliBERT-v2-Arabic-multilingual-uncased,128,8,3
0.5322022593307142,1.7186147371927898,0.6276477146042363,0.6276477146042363,0.6255191911033882,0.6276477146042363,0.6299332326576909,0.6276477146042363,0.6269280203472805,Arabic_MultiClass,ConfliBERT-v2-Arabic-multilingual-uncased,128,8,4
0.5411491118175414,1.9103133148617215,0.6354515050167224,0.6354515050167224,0.635947492872863,0.6354515050167224,0.6346721865607314,0.6354515050167224,0.6346315286484802,Arabic_MultiClass,ConfliBERT-v2-Arabic-multilingual-uncased,128,8,5
0.5333530624864856,1.0131168829070196,0.6276477146042363,0.6276477146042363,0.6290281513358437,0.6276477146042363,0.620386910572669,0.6276477146042363,0.6169156507086505,Arabic_MultiClass,ConfliBERT-v2-Arabic-multilingual-uncased,129,8,1
0.5451840337483564,1.0137512750095792,0.6387959866220736,0.6387959866220736,0.6337563489142436,0.6387959866220736,0.6366393461130303,0.6387959866220736,0.6347214137076043,Arabic_MultiClass,ConfliBERT-v2-Arabic-multilingual-uncased,129,8,2
0.5434549122731341,1.3719529575771756,0.6354515050167224,0.6354515050167224,0.6426856752489611,0.6354515050167224,0.6335696156129593,0.6354515050167224,0.6304294730845121,Arabic_MultiClass,ConfliBERT-v2-Arabic-multilingual-uncased,129,8,3
0.5430430079385541,1.7872297366460164,0.6365663322185061,0.6365663322185061,0.6464628653898707,0.6365663322185061,0.6342015212913046,0.6365663322185061,0.6366332488708167,Arabic_MultiClass,ConfliBERT-v2-Arabic-multilingual-uncased,129,8,4
0.5522982369782161,1.9762886100345187,0.6443701226309922,0.6443701226309922,0.6480007861277901,0.6443701226309922,0.6403569867966153,0.6443701226309922,0.6419600184534389,Arabic_MultiClass,ConfliBERT-v2-Arabic-multilingual-uncased,129,8,5
0.5365286426727472,1.001774377293057,0.633221850613155,0.633221850613155,0.6416743315008199,0.633221850613155,0.6193738320363708,0.633221850613155,0.6254338607224191,Arabic_MultiClass,ConfliBERT-v2-Arabic-multilingual-uncased,130,8,1
0.5444821300239253,1.0382677846484714,0.6387959866220736,0.6387959866220736,0.6588855433454406,0.6387959866220736,0.622991567418812,0.6387959866220736,0.6308642488468547,Arabic_MultiClass,ConfliBERT-v2-Arabic-multilingual-uncased,130,8,2
0.5462349234640235,1.2332919306225247,0.6399108138238573,0.6399108138238573,0.6451611294635569,0.6399108138238573,0.6346541233847734,0.6399108138238573,0.6383826741891833,Arabic_MultiClass,ConfliBERT-v2-Arabic-multilingual-uncased,130,8,3
0.549815398727433,1.7214168442620172,0.6432552954292085,0.6432552954292085,0.6453931731906934,0.6432552954292085,0.6359494390454143,0.6432552954292085,0.6393821603716797,Arabic_MultiClass,ConfliBERT-v2-Arabic-multilingual-uncased,130,8,4
0.5446669111599634,1.8816519445843167,0.6376811594202898,0.6376811594202898,0.6447977675587939,0.6376811594202898,0.6346527553648296,0.6376811594202898,0.6359084301907812,Arabic_MultiClass,ConfliBERT-v2-Arabic-multilingual-uncased,130,8,5
0.5152285924935209,1.035939892133077,0.6109253065774805,0.6109253065774805,0.60965295417957,0.6109253065774805,0.6117262950699484,0.6109253065774805,0.6034818107902953,Arabic_MultiClass,ConfliBERT-v2-Arabic-multilingual-uncased,131,8,1
0.5305347064591862,1.0730036894480388,0.6243032329988851,0.6243032329988851,0.6325356084338228,0.6243032329988851,0.6195620742369969,0.6243032329988851,0.6161790318437406,Arabic_MultiClass,ConfliBERT-v2-Arabic-multilingual-uncased,131,8,2
0.5184322382481804,1.3611125548680623,0.6142697881828316,0.6142697881828316,0.6384598884598884,0.6142697881828316,0.6044031780564288,0.6142697881828316,0.6087517228189707,Arabic_MultiClass,ConfliBERT-v2-Arabic-multilingual-uncased,131,8,3
0.5528380128018476,1.720567199918959,0.6454849498327759,0.6454849498327759,0.643676080391595,0.6454849498327759,0.6394192821747001,0.6454849498327759,0.6410767825251278,Arabic_MultiClass,ConfliBERT-v2-Arabic-multilingual-uncased,131,8,4
0.5532486474410573,1.9512353605694241,0.6454849498327759,0.6454849498327759,0.643324861605383,0.6454849498327759,0.6417767391451602,0.6454849498327759,0.6422531653432818,Arabic_MultiClass,ConfliBERT-v2-Arabic-multilingual-uncased,131,8,5
0.5027649922632105,1.0686327616373699,0.6020066889632107,0.6020066889632107,0.6144260861747319,0.6020066889632107,0.5969548672954246,0.6020066889632107,0.5915350741651983,Arabic_MultiClass,ConfliBERT-v2-Arabic-multilingual-uncased,132,8,1
0.5537593492924447,1.0273019538985357,0.6421404682274248,0.6421404682274248,0.6692401897362416,0.6421404682274248,0.6396181099277074,0.6421404682274248,0.6445595447896026,Arabic_MultiClass,ConfliBERT-v2-Arabic-multilingual-uncased,132,8,2
0.5582975002215682,1.2185664574305217,0.6488294314381271,0.6488294314381271,0.6583776121568697,0.6488294314381271,0.6414273760713389,0.6488294314381271,0.6426438489910571,Arabic_MultiClass,ConfliBERT-v2-Arabic-multilingual-uncased,132,8,3
0.5418310591195316,1.6068141990237765,0.6343366778149386,0.6343366778149386,0.6394219286723538,0.6343366778149386,0.6363402278882154,0.6343366778149386,0.6349762567440554,Arabic_MultiClass,ConfliBERT-v2-Arabic-multilingual-uncased,132,8,4
0.5612186467593836,1.8158049318525527,0.6510590858416946,0.6510590858416946,0.6560048375676206,0.6510590858416946,0.6497490281081613,0.6510590858416946,0.6511673966366068,Arabic_MultiClass,ConfliBERT-v2-Arabic-multilingual-uncased,132,8,5
0.5145308549058993,1.030544016096327,0.6131549609810479,0.6131549609810479,0.6542374993988107,0.6131549609810479,0.5913456136366354,0.6131549609810479,0.5968685419845222,Arabic_MultiClass,ConfliBERT-v2-Arabic-arabertv2,123,8,1
0.5689700844936767,0.9669793115721809,0.6577480490523969,0.6577480490523969,0.661738017858611,0.6577480490523969,0.6431499655338665,0.6577480490523969,0.6471740594294771,Arabic_MultiClass,ConfliBERT-v2-Arabic-arabertv2,123,8,2
0.5655261892760752,1.2384704616334703,0.653288740245262,0.653288740245262,0.6671707020420793,0.653288740245262,0.6463509196945729,0.653288740245262,0.6495061832521907,Arabic_MultiClass,ConfliBERT-v2-Arabic-arabertv2,123,8,3
0.5454086730247378,1.5920680496427748,0.6399108138238573,0.6399108138238573,0.6507866410295955,0.6399108138238573,0.6251826837894949,0.6399108138238573,0.6326761701907986,Arabic_MultiClass,ConfliBERT-v2-Arabic-arabertv2,123,8,4
0.5541244953173422,1.7222271892759535,0.6465997770345596,0.6465997770345596,0.6495093949208602,0.6465997770345596,0.6375731193378252,0.6465997770345596,0.6416728350353915,Arabic_MultiClass,ConfliBERT-v2-Arabic-arabertv2,123,8,5
0.510645191496423,1.0247674981753032,0.6086956521739131,0.6086956521739131,0.6066513382262962,0.6086956521739131,0.6131302554212772,0.6086956521739131,0.6069455896973501,Arabic_MultiClass,ConfliBERT-v2-Arabic-arabertv2,124,8,1
0.5553888667872087,0.9826842016643949,0.6477146042363434,0.6477146042363434,0.651805142491751,0.6477146042363434,0.6404670924794764,0.6477146042363434,0.6449056221535338,Arabic_MultiClass,ConfliBERT-v2-Arabic-arabertv2,124,8,2
0.5504135550326439,1.2542217042711046,0.6432552954292085,0.6432552954292085,0.6622686485715602,0.6432552954292085,0.6252640344900406,0.6432552954292085,0.6345891164535904,Arabic_MultiClass,ConfliBERT-v2-Arabic-arabertv2,124,8,3
0.5475037778022604,1.5202422671847873,0.6410256410256411,0.6410256410256411,0.6416830520556391,0.6410256410256411,0.6313827095560841,0.6410256410256411,0.6347160926905902,Arabic_MultiClass,ConfliBERT-v2-Arabic-arabertv2,124,8,4
0.5524469083496065,1.7478112777074177,0.6443701226309922,0.6443701226309922,0.6465187400118907,0.6443701226309922,0.638652633172757,0.6443701226309922,0.6406238713169766,Arabic_MultiClass,ConfliBERT-v2-Arabic-arabertv2,124,8,5
0.5300114600778626,0.9765313069025675,0.6276477146042363,0.6276477146042363,0.6242964132667365,0.6276477146042363,0.6167162739918158,0.6276477146042363,0.6178463295127107,Arabic_MultiClass,ConfliBERT-v2-Arabic-arabertv2,125,8,1
0.5152703807204323,1.0753941535949707,0.6109253065774805,0.6109253065774805,0.6092259619791224,0.6109253065774805,0.614082184794259,0.6109253065774805,0.6055550029063346,Arabic_MultiClass,ConfliBERT-v2-Arabic-arabertv2,125,8,2
0.5195334004111349,1.2765568031205072,0.6164994425863991,0.6164994425863991,0.6361851931818562,0.6164994425863991,0.6114637813399424,0.6164994425863991,0.6123974606587386,Arabic_MultiClass,ConfliBERT-v2-Arabic-arabertv2,125,8,3
0.5401612872597449,1.5406606992085774,0.6354515050167224,0.6354515050167224,0.6372848260315809,0.6354515050167224,0.6294566702925837,0.6354515050167224,0.6324683290945994,Arabic_MultiClass,ConfliBERT-v2-Arabic-arabertv2,125,8,4
0.5393136168164923,1.7481237252553303,0.6343366778149386,0.6343366778149386,0.6359728469726262,0.6343366778149386,0.6306991910087886,0.6343366778149386,0.6322171402459456,Arabic_MultiClass,ConfliBERT-v2-Arabic-arabertv2,125,8,5
0.5068115514000215,1.0124594502978854,0.600891861761427,0.600891861761427,0.6110843581798038,0.600891861761427,0.6071424055634582,0.600891861761427,0.595802423966545,Arabic_MultiClass,ConfliBERT-v2-Arabic-arabertv2,126,8,1
0.5532770870053788,0.9950786100493537,0.6454849498327759,0.6454849498327759,0.6405296157359371,0.6454849498327759,0.6394200657977747,0.6454849498327759,0.6387167811492935,Arabic_MultiClass,ConfliBERT-v2-Arabic-arabertv2,126,8,2
0.5430743447735167,1.1769270168410406,0.6365663322185061,0.6365663322185061,0.6468685503509846,0.6365663322185061,0.6292984714037345,0.6365663322185061,0.6338545273009345,Arabic_MultiClass,ConfliBERT-v2-Arabic-arabertv2,126,8,3
0.5635103298452877,1.4275978671179876,0.653288740245262,0.653288740245262,0.6565839199899106,0.653288740245262,0.6495542247245034,0.653288740245262,0.6507850545328561,Arabic_MultiClass,ConfliBERT-v2-Arabic-arabertv2,126,8,4
0.5567505891056959,1.6045773691601224,0.6477146042363434,0.6477146042363434,0.6484803836645507,0.6477146042363434,0.6458218678652116,0.6477146042363434,0.6456742303119352,Arabic_MultiClass,ConfliBERT-v2-Arabic-arabertv2,126,8,5
0.5151944877419884,1.0129415922694736,0.6142697881828316,0.6142697881828316,0.6238138216580376,0.6142697881828316,0.6006061390891112,0.6142697881828316,0.6048136895125926,Arabic_MultiClass,ConfliBERT-v2-Arabic-arabertv2,127,8,1
0.5415278798182728,1.0000895857810974,0.6309921962095875,0.6309921962095875,0.6555011602543115,0.6309921962095875,0.6305220656304248,0.6309921962095875,0.6284799479163591,Arabic_MultiClass,ConfliBERT-v2-Arabic-arabertv2,127,8,2
0.5424601738452592,1.1392230457729764,0.6365663322185061,0.6365663322185061,0.6438175587948336,0.6365663322185061,0.6311121470873793,0.6365663322185061,0.6350618382413757,Arabic_MultiClass,ConfliBERT-v2-Arabic-arabertv2,127,8,3
0.5461111295369214,1.572398715549045,0.6399108138238573,0.6399108138238573,0.6498839733824254,0.6399108138238573,0.6304004579546374,0.6399108138238573,0.6353585840228633,Arabic_MultiClass,ConfliBERT-v2-Arabic-arabertv2,127,8,4
0.5467610661143125,1.6812403466966417,0.6399108138238573,0.6399108138238573,0.645090399365352,0.6399108138238573,0.6347307723468715,0.6399108138238573,0.6366582952138818,Arabic_MultiClass,ConfliBERT-v2-Arabic-arabertv2,127,8,5
0.5237233944274247,0.9771594736311171,0.6176142697881828,0.6176142697881828,0.6221090418480403,0.6176142697881828,0.6210293353946604,0.6176142697881828,0.6128395940144842,Arabic_MultiClass,ConfliBERT-v2-Arabic-arabertv2,128,8,1
0.5653336358480475,0.9894211292266846,0.653288740245262,0.653288740245262,0.6605467053300476,0.653288740245262,0.6494547178757705,0.653288740245262,0.6490314638423428,Arabic_MultiClass,ConfliBERT-v2-Arabic-arabertv2,128,8,2
0.5504821971592377,1.1390986906157599,0.6421404682274248,0.6421404682274248,0.6436049891438844,0.6421404682274248,0.6381945324360185,0.6421404682274248,0.6376283110943175,Arabic_MultiClass,ConfliBERT-v2-Arabic-arabertv2,128,8,3
0.5630085253807086,1.5203241109848022,0.653288740245262,0.653288740245262,0.6529844528802704,0.653288740245262,0.6451381368099633,0.653288740245262,0.6477769779240367,Arabic_MultiClass,ConfliBERT-v2-Arabic-arabertv2,128,8,4
0.5585466096821916,1.7189837296803792,0.6499442586399108,0.6499442586399108,0.6526265061938807,0.6499442586399108,0.6408059629731456,0.6499442586399108,0.6444698808626323,Arabic_MultiClass,ConfliBERT-v2-Arabic-arabertv2,128,8,5
0.5141912669998187,0.9928389588991801,0.6109253065774805,0.6109253065774805,0.6077504884930293,0.6109253065774805,0.6137064176073463,0.6109253065774805,0.6066579006244812,Arabic_MultiClass,ConfliBERT-v2-Arabic-arabertv2,129,8,1
0.5476101005929843,1.0123883949385748,0.6399108138238573,0.6399108138238573,0.6351489577293882,0.6399108138238573,0.6391623600601929,0.6399108138238573,0.6364357885124803,Arabic_MultiClass,ConfliBERT-v2-Arabic-arabertv2,129,8,2
0.5261135768354638,1.2704360882441204,0.6220735785953178,0.6220735785953178,0.6230551155668802,0.6220735785953178,0.6218612376197517,0.6220735785953178,0.6198860529855239,Arabic_MultiClass,ConfliBERT-v2-Arabic-arabertv2,129,8,3
0.5425754452490137,1.5917938550313313,0.6365663322185061,0.6365663322185061,0.6522893733264462,0.6365663322185061,0.6275379891169365,0.6365663322185061,0.63284253734316,Arabic_MultiClass,ConfliBERT-v2-Arabic-arabertv2,129,8,4
0.5470487969784911,1.7382461892233954,0.6399108138238573,0.6399108138238573,0.645592441857972,0.6399108138238573,0.6346164430684553,0.6399108138238573,0.6363557725729077,Arabic_MultiClass,ConfliBERT-v2-Arabic-arabertv2,129,8,5
0.5141163969616603,1.051442841688792,0.6098104793756968,0.6098104793756968,0.6147076289355258,0.6098104793756968,0.6131986564184707,0.6098104793756968,0.6077584675135387,Arabic_MultiClass,ConfliBERT-v2-Arabic-arabertv2,130,8,1
0.5454485693199522,0.9971756405300565,0.6399108138238573,0.6399108138238573,0.637696348770275,0.6399108138238573,0.628569701944315,0.6399108138238573,0.6312257317713831,Arabic_MultiClass,ConfliBERT-v2-Arabic-arabertv2,130,8,2
0.5407662993891785,1.2448973324563768,0.6354515050167224,0.6354515050167224,0.6335671863641789,0.6354515050167224,0.6281850094233994,0.6354515050167224,0.6291869183448131,Arabic_MultiClass,ConfliBERT-v2-Arabic-arabertv2,130,8,3
0.5426264394907325,1.5644298659430609,0.6376811594202898,0.6376811594202898,0.6459669342515193,0.6376811594202898,0.6252371522340563,0.6376811594202898,0.6313857001869135,Arabic_MultiClass,ConfliBERT-v2-Arabic-arabertv2,130,8,4
0.5388837072376487,1.7479642894532945,0.6343366778149386,0.6343366778149386,0.6369537479869157,0.6343366778149386,0.6276021665185751,0.6343366778149386,0.6309852298870496,Arabic_MultiClass,ConfliBERT-v2-Arabic-arabertv2,130,8,5
0.5014602716720119,1.0406507054964702,0.5964325529542921,0.5964325529542921,0.6111712408474055,0.5964325529542921,0.5980700957481143,0.5964325529542921,0.58761570785848,Arabic_MultiClass,ConfliBERT-v2-Arabic-arabertv2,131,8,1
0.5215431964818417,1.0006459752718608,0.6198439241917503,0.6198439241917503,0.6217235700300321,0.6198439241917503,0.6129942237682175,0.6198439241917503,0.6149672401774382,Arabic_MultiClass,ConfliBERT-v2-Arabic-arabertv2,131,8,2
0.5606810501432963,1.1814130478435092,0.6510590858416946,0.6510590858416946,0.6568112398306998,0.6510590858416946,0.6456064512101664,0.6510590858416946,0.649225981426509,Arabic_MultiClass,ConfliBERT-v2-Arabic-arabertv2,131,8,3
0.5279639698729122,1.615983247756958,0.6243032329988851,0.6243032329988851,0.6215770979583555,0.6243032329988851,0.621297825910829,0.6243032329988851,0.6205173574505799,Arabic_MultiClass,ConfliBERT-v2-Arabic-arabertv2,131,8,4
0.5352573000977692,1.8305878771675959,0.6309921962095875,0.6309921962095875,0.6353531018126122,0.6309921962095875,0.624458044953401,0.6309921962095875,0.627709264484014,Arabic_MultiClass,ConfliBERT-v2-Arabic-arabertv2,131,8,5
0.4895099100477287,1.0275138550334506,0.5953177257525084,0.5953177257525084,0.6010849512638126,0.5953177257525084,0.5773883038279324,0.5953177257525084,0.578182911677,Arabic_MultiClass,ConfliBERT-v2-Arabic-arabertv2,132,8,1
0.5504056598795107,1.0035562912623088,0.6432552954292085,0.6432552954292085,0.6593610421836228,0.6432552954292085,0.6289506755760625,0.6432552954292085,0.6350752745186746,Arabic_MultiClass,ConfliBERT-v2-Arabic-arabertv2,132,8,2
0.5200216537361404,1.2160721090104845,0.6164994425863991,0.6164994425863991,0.6149510319402639,0.6164994425863991,0.6175513372726995,0.6164994425863991,0.6136114508760158,Arabic_MultiClass,ConfliBERT-v2-Arabic-arabertv2,132,8,3
0.5447485027626361,1.5125636524624295,0.6387959866220736,0.6387959866220736,0.6367197319619923,0.6387959866220736,0.6328470221659076,0.6387959866220736,0.6341585308912959,Arabic_MultiClass,ConfliBERT-v2-Arabic-arabertv2,132,8,4
0.5332982040217902,1.7599889702267117,0.6298773690078038,0.6298773690078038,0.6335867922622991,0.6298773690078038,0.6219507300312255,0.6298773690078038,0.6260317474025322,Arabic_MultiClass,ConfliBERT-v2-Arabic-arabertv2,132,8,5
0.4532305570886893,1.1137310134039984,0.5574136008918618,0.5574136008918618,0.6140618408884467,0.5574136008918618,0.5386442789538765,0.5574136008918618,0.5364321012659158,Arabic_MultiClass,ConfliBERT-v1-Arabic-multilingual-cased,123,8,1
0.5117171313594415,1.1759079827202692,0.6042363433667781,0.6042363433667781,0.637582104604463,0.6042363433667781,0.6087246600868892,0.6042363433667781,0.6050272019040502,Arabic_MultiClass,ConfliBERT-v1-Arabic-multilingual-cased,123,8,2
0.5247493144324555,1.2149295343293085,0.6220735785953178,0.6220735785953178,0.6194567923272793,0.6220735785953178,0.6222635018919849,0.6220735785953178,0.620324697362301,Arabic_MultiClass,ConfliBERT-v1-Arabic-multilingual-cased,123,8,3
0.5317114921241755,1.7150625785191853,0.6287625418060201,0.6287625418060201,0.6315760080440482,0.6287625418060201,0.6215043039501243,0.6287625418060201,0.6251289546747153,Arabic_MultiClass,ConfliBERT-v1-Arabic-multilingual-cased,123,8,4
0.5215496971515329,1.9666884342829387,0.6198439241917503,0.6198439241917503,0.6194795285396612,0.6198439241917503,0.6174218933661658,0.6198439241917503,0.6174667909029807,Arabic_MultiClass,ConfliBERT-v1-Arabic-multilingual-cased,123,8,5
0.5182045707931009,1.0432573689354792,0.6131549609810479,0.6131549609810479,0.6235485907264062,0.6131549609810479,0.6124274916225382,0.6131549609810479,0.6076795508967091,Arabic_MultiClass,ConfliBERT-v1-Arabic-multilingual-cased,124,8,1
0.5409198227901005,1.0243063569068909,0.6343366778149386,0.6343366778149386,0.6316511714196871,0.6343366778149386,0.6332487020412717,0.6343366778149386,0.631318131307866,Arabic_MultiClass,ConfliBERT-v1-Arabic-multilingual-cased,124,8,2
0.5244296100192323,1.2049843735165067,0.620958751393534,0.620958751393534,0.6242075037813307,0.620958751393534,0.6189746225659538,0.620958751393534,0.6187591396830754,Arabic_MultiClass,ConfliBERT-v1-Arabic-multilingual-cased,124,8,3
0.5448078643142911,1.5828850931591458,0.6387959866220736,0.6387959866220736,0.6411136764263247,0.6387959866220736,0.6322257153216906,0.6387959866220736,0.6351739324110502,Arabic_MultiClass,ConfliBERT-v1-Arabic-multilingual-cased,124,8,4
0.5318228469223394,1.8455988698535495,0.6287625418060201,0.6287625418060201,0.6337169726824899,0.6287625418060201,0.6203055598721233,0.6287625418060201,0.6240591547736312,Arabic_MultiClass,ConfliBERT-v1-Arabic-multilingual-cased,124,8,5
0.4948765040060527,1.0823836988872952,0.5964325529542921,0.5964325529542921,0.6126320727704366,0.5964325529542921,0.5820547526739477,0.5964325529542921,0.5844703741856735,Arabic_MultiClass,ConfliBERT-v1-Arabic-multilingual-cased,125,8,1
0.5102383967467018,1.0576955808533564,0.6064659977703456,0.6064659977703456,0.6035666055996174,0.6064659977703456,0.6133380085082872,0.6064659977703456,0.6024430813056646,Arabic_MultiClass,ConfliBERT-v1-Arabic-multilingual-cased,125,8,2
0.5353018747892881,1.3163278235329523,0.6309921962095875,0.6309921962095875,0.6287660101713299,0.6309921962095875,0.6253300978997574,0.6309921962095875,0.6247607105657031,Arabic_MultiClass,ConfliBERT-v1-Arabic-multilingual-cased,125,8,3
0.5123874841831163,1.8024671872456868,0.6131549609810479,0.6131549609810479,0.613020672111213,0.6131549609810479,0.6081108175845018,0.6131549609810479,0.6094376324324778,Arabic_MultiClass,ConfliBERT-v1-Arabic-multilingual-cased,125,8,4
0.5284260415916856,2.03181164794498,0.6254180602006689,0.6254180602006689,0.6325784674845971,0.6254180602006689,0.6213214807022857,0.6254180602006689,0.6239619427726291,Arabic_MultiClass,ConfliBERT-v1-Arabic-multilingual-cased,125,8,5
0.5508302661288262,1.0003813571400113,0.6432552954292085,0.6432552954292085,0.6463400793604797,0.6432552954292085,0.6352099777796372,0.6432552954292085,0.6367723426855447,Arabic_MultiClass,ConfliBERT-v1-Arabic-multilingual-cased,126,8,1
0.5360622294207281,1.0358298155996535,0.6298773690078038,0.6298773690078038,0.626635619845382,0.6298773690078038,0.6292655061076113,0.6298773690078038,0.625384222034225,Arabic_MultiClass,ConfliBERT-v1-Arabic-multilingual-cased,126,8,2
0.5325346051816764,1.2984601656595867,0.6287625418060201,0.6287625418060201,0.6354469550123758,0.6287625418060201,0.6205270595673072,0.6287625418060201,0.6218755196081498,Arabic_MultiClass,ConfliBERT-v1-Arabic-multilingual-cased,126,8,3
0.5386005508843041,1.6359013716379802,0.633221850613155,0.633221850613155,0.641176951223391,0.633221850613155,0.6235006169371495,0.633221850613155,0.6275981884108077,Arabic_MultiClass,ConfliBERT-v1-Arabic-multilingual-cased,126,8,4
0.5454640598852932,1.8099696636199951,0.6387959866220736,0.6387959866220736,0.6447453552060254,0.6387959866220736,0.6337741279536945,0.6387959866220736,0.6367005946280775,Arabic_MultiClass,ConfliBERT-v1-Arabic-multilingual-cased,126,8,5
0.5009610146437161,1.0738885203997295,0.5964325529542921,0.5964325529542921,0.642511507479862,0.5964325529542921,0.5749474374861372,0.5964325529542921,0.5750416132148292,Arabic_MultiClass,ConfliBERT-v1-Arabic-multilingual-cased,127,8,1
0.518688837294104,1.1719719502660964,0.6142697881828316,0.6142697881828316,0.664789897819066,0.6142697881828316,0.5919131426871365,0.6142697881828316,0.5966551472622551,Arabic_MultiClass,ConfliBERT-v1-Arabic-multilingual-cased,127,8,2
0.5203276612335048,1.2585714989238315,0.6164994425863991,0.6164994425863991,0.6226712574597117,0.6164994425863991,0.6197010411561494,0.6164994425863991,0.616985629123221,Arabic_MultiClass,ConfliBERT-v1-Arabic-multilingual-cased,127,8,3
0.5129980373361616,1.7599679893917508,0.6109253065774805,0.6109253065774805,0.6153623512705902,0.6109253065774805,0.611491261274543,0.6109253065774805,0.6088437457299063,Arabic_MultiClass,ConfliBERT-v1-Arabic-multilingual-cased,127,8,4
0.5327578829453634,1.9330757591459486,0.6287625418060201,0.6287625418060201,0.6260551562930562,0.6287625418060201,0.6249758205795357,0.6287625418060201,0.6247340428192467,Arabic_MultiClass,ConfliBERT-v1-Arabic-multilingual-cased,127,8,5
0.532573716460918,1.0235671997070312,0.6276477146042363,0.6276477146042363,0.6307394474033211,0.6276477146042363,0.6201876046767687,0.6276477146042363,0.6182990268657285,Arabic_MultiClass,ConfliBERT-v1-Arabic-multilingual-cased,128,8,1
0.5343541156416052,1.0837101870112948,0.6298773690078038,0.6298773690078038,0.6337503323879154,0.6298773690078038,0.6283620551112812,0.6298773690078038,0.629120530856911,Arabic_MultiClass,ConfliBERT-v1-Arabic-multilingual-cased,128,8,2
0.5356057541947316,1.19715506500668,0.6298773690078038,0.6298773690078038,0.6244206810645172,0.6298773690078038,0.6287252577655054,0.6298773690078038,0.625191223992269,Arabic_MultiClass,ConfliBERT-v1-Arabic-multilingual-cased,128,8,3
0.5288602066950621,1.692375381787618,0.6254180602006689,0.6254180602006689,0.6272040544925852,0.6254180602006689,0.6214673142846519,0.6254180602006689,0.6220994083784598,Arabic_MultiClass,ConfliBERT-v1-Arabic-multilingual-cased,128,8,4
0.5220068689726802,1.9545040395524766,0.6198439241917503,0.6198439241917503,0.6236970886604284,0.6198439241917503,0.6140055358321612,0.6198439241917503,0.6159505087153543,Arabic_MultiClass,ConfliBERT-v1-Arabic-multilingual-cased,128,8,5
0.522125596748485,1.0445576906204224,0.620958751393534,0.620958751393534,0.6469827947661388,0.620958751393534,0.605179350070991,0.620958751393534,0.6143586701318491,Arabic_MultiClass,ConfliBERT-v1-Arabic-multilingual-cased,129,8,1
0.5062289071795372,1.0795568492677476,0.6064659977703456,0.6064659977703456,0.6197695846443032,0.6064659977703456,0.6011356026526304,0.6064659977703456,0.6047951301862372,Arabic_MultiClass,ConfliBERT-v1-Arabic-multilingual-cased,129,8,2
0.5273179131446963,1.2708805004755657,0.6254180602006689,0.6254180602006689,0.6256372938502268,0.6254180602006689,0.619524486892908,0.6254180602006689,0.6217557954045433,Arabic_MultiClass,ConfliBERT-v1-Arabic-multilingual-cased,129,8,3
0.5085357581046176,1.760996447669135,0.6086956521739131,0.6086956521739131,0.6139481323406975,0.6086956521739131,0.6062160833987459,0.6086956521739131,0.6067174555008529,Arabic_MultiClass,ConfliBERT-v1-Arabic-multilingual-cased,129,8,4
0.5078511670326213,2.0351437065336437,0.6086956521739131,0.6086956521739131,0.6078620415238152,0.6086956521739131,0.6063763409583843,0.6086956521739131,0.6052052733373063,Arabic_MultiClass,ConfliBERT-v1-Arabic-multilingual-cased,129,8,5
0.5055052318505042,1.0394298434257507,0.6042363433667781,0.6042363433667781,0.6068140567965166,0.6042363433667781,0.6062340403207276,0.6042363433667781,0.602292027151622,Arabic_MultiClass,ConfliBERT-v1-Arabic-multilingual-cased,130,8,1
0.5165841675084507,1.0301957991388109,0.6142697881828316,0.6142697881828316,0.6157423634905713,0.6142697881828316,0.6121739032265349,0.6142697881828316,0.6102921753972258,Arabic_MultiClass,ConfliBERT-v1-Arabic-multilingual-cased,130,8,2
0.504819115931627,1.2419678237703111,0.6064659977703456,0.6064659977703456,0.6014526634530398,0.6064659977703456,0.6046422495029307,0.6064659977703456,0.6027218143922877,Arabic_MultiClass,ConfliBERT-v1-Arabic-multilingual-cased,130,8,3
0.5182222148756871,1.778205156326294,0.6153846153846154,0.6153846153846154,0.6198349437195558,0.6153846153846154,0.6145563830083953,0.6153846153846154,0.6123828887660892,Arabic_MultiClass,ConfliBERT-v1-Arabic-multilingual-cased,130,8,4
0.5084834707163564,2.0161156521903143,0.6098104793756968,0.6098104793756968,0.6060794953309672,0.6098104793756968,0.6057745582822982,0.6098104793756968,0.6054772062424999,Arabic_MultiClass,ConfliBERT-v1-Arabic-multilingual-cased,130,8,5
0.5431274420452716,0.9909637570381165,0.6343366778149386,0.6343366778149386,0.6369892758907335,0.6343366778149386,0.631830516938876,0.6343366778149386,0.6269290317456359,Arabic_MultiClass,ConfliBERT-v1-Arabic-multilingual-cased,131,8,1
0.5228978417219757,1.0395297673013475,0.6131549609810479,0.6131549609810479,0.6287992595756539,0.6131549609810479,0.6196956487668561,0.6131549609810479,0.6109786093227684,Arabic_MultiClass,ConfliBERT-v1-Arabic-multilingual-cased,131,8,2
0.5506749135316389,1.2148935662375555,0.6432552954292085,0.6432552954292085,0.6441673460297246,0.6432552954292085,0.6380267175623213,0.6432552954292085,0.638492705821531,Arabic_MultiClass,ConfliBERT-v1-Arabic-multilingual-cased,131,8,3
0.5159838389808729,1.7431863281461928,0.6142697881828316,0.6142697881828316,0.6127317995344489,0.6142697881828316,0.6152195937644853,0.6142697881828316,0.6126352540649567,Arabic_MultiClass,ConfliBERT-v1-Arabic-multilingual-cased,131,8,4
0.5369633513284353,1.9374587668312921,0.6321070234113713,0.6321070234113713,0.6354916537154482,0.6321070234113713,0.6296296916111157,0.6321070234113713,0.6310872672366378,Arabic_MultiClass,ConfliBERT-v1-Arabic-multilingual-cased,131,8,5
0.5149296831733178,1.030957367685106,0.6131549609810479,0.6131549609810479,0.611246940111716,0.6131549609810479,0.6105987942830049,0.6131549609810479,0.606717782218486,Arabic_MultiClass,ConfliBERT-v1-Arabic-multilingual-cased,132,8,1
0.5356357595502896,1.0535061359405518,0.6309921962095875,0.6309921962095875,0.6277797537266698,0.6309921962095875,0.6248540269592902,0.6309921962095875,0.6249500397401375,Arabic_MultiClass,ConfliBERT-v1-Arabic-multilingual-cased,132,8,2
0.535572337941962,1.2875237332450018,0.6309921962095875,0.6309921962095875,0.633263200463561,0.6309921962095875,0.6221702640278493,0.6309921962095875,0.6243181098066309,Arabic_MultiClass,ConfliBERT-v1-Arabic-multilingual-cased,132,8,3
0.5228967562653741,1.7501117520862155,0.620958751393534,0.620958751393534,0.6269912463716544,0.620958751393534,0.6118787960893224,0.620958751393534,0.615319135804985,Arabic_MultiClass,ConfliBERT-v1-Arabic-multilingual-cased,132,8,4
0.5245399495344972,1.9616557094785902,0.6220735785953178,0.6220735785953178,0.62539818038349,0.6220735785953178,0.6170075559858842,0.6220735785953178,0.6189391883799603,Arabic_MultiClass,ConfliBERT-v1-Arabic-multilingual-cased,132,8,5
0.4656442738357782,1.1185002393192716,0.5752508361204013,0.5752508361204013,0.585743174521381,0.5752508361204013,0.5634615420373935,0.5752508361204013,0.5673395643458625,Arabic_MultiClass,ConfliBERT-v2-Arabic-Scratch-65K,123,8,1
0.5045305597575898,1.1205062336391873,0.6075808249721293,0.6075808249721293,0.618200353822943,0.6075808249721293,0.5950098616971682,0.6075808249721293,0.6009176614983917,Arabic_MultiClass,ConfliBERT-v2-Arabic-Scratch-65K,123,8,2
0.47581223765423614,1.4679211245642767,0.5852842809364549,0.5852842809364549,0.5992078135782772,0.5852842809364549,0.5667323581874666,0.5852842809364549,0.5732743368442264,Arabic_MultiClass,ConfliBERT-v2-Arabic-Scratch-65K,123,8,3
0.479820321960402,2.053009271621704,0.5863991081382386,0.5863991081382386,0.5908523287879309,0.5863991081382386,0.5819552458252149,0.5863991081382386,0.5842741694557609,Arabic_MultiClass,ConfliBERT-v2-Arabic-Scratch-65K,123,8,4
0.4955843836288449,2.302268001768324,0.5997770345596433,0.5997770345596433,0.5972952632847051,0.5997770345596433,0.594192675647784,0.5997770345596433,0.5953325930241415,Arabic_MultiClass,ConfliBERT-v2-Arabic-Scratch-65K,123,8,5
0.4114321031062572,1.2022421889834933,0.5206243032329989,0.5206243032329989,0.5601349196747387,0.5206243032329989,0.5222827205799342,0.5206243032329989,0.5055025661120182,Arabic_MultiClass,ConfliBERT-v2-Arabic-Scratch-65K,124,8,1
0.4987893899154818,1.1475394169489543,0.6031215161649944,0.6031215161649944,0.6147053809235473,0.6031215161649944,0.5897604902558463,0.6031215161649944,0.5966105787144442,Arabic_MultiClass,ConfliBERT-v2-Arabic-Scratch-65K,124,8,2
0.4758989058150488,1.5425900220870972,0.5819397993311036,0.5819397993311036,0.5954843333015922,0.5819397993311036,0.5800723855213018,0.5819397993311036,0.5819198632546972,Arabic_MultiClass,ConfliBERT-v2-Arabic-Scratch-65K,124,8,3
0.47185665584927444,2.0910123189290366,0.5808249721293199,0.5808249721293199,0.5870868746328128,0.5808249721293199,0.5741096514471128,0.5808249721293199,0.5783767292252402,Arabic_MultiClass,ConfliBERT-v2-Arabic-Scratch-65K,124,8,4
0.4820763547970027,2.403157048755222,0.5886287625418061,0.5886287625418061,0.5926643996974204,0.5886287625418061,0.5836001237858823,0.5886287625418061,0.586353669651925,Arabic_MultiClass,ConfliBERT-v2-Arabic-Scratch-65K,124,8,5
0.45223742650447646,1.1171246899498835,0.5641025641025641,0.5641025641025641,0.5986200344564544,0.5641025641025641,0.5481575162070518,0.5641025641025641,0.5563270657720695,Arabic_MultiClass,ConfliBERT-v2-Arabic-Scratch-65K,125,8,1
0.5054291677800057,1.1342185338338215,0.6031215161649944,0.6031215161649944,0.599887792633942,0.6031215161649944,0.6052188101414109,0.6031215161649944,0.5959720851372461,Arabic_MultiClass,ConfliBERT-v2-Arabic-Scratch-65K,125,8,2
0.4980366167651372,1.5215675698386297,0.6020066889632107,0.6020066889632107,0.6100773516475211,0.6020066889632107,0.5942975881675572,0.6020066889632107,0.5975210993694636,Arabic_MultiClass,ConfliBERT-v2-Arabic-Scratch-65K,125,8,3
0.5079644824372486,2.0141928460862903,0.6098104793756968,0.6098104793756968,0.6162272463396917,0.6098104793756968,0.6026116828903205,0.6098104793756968,0.6066058546126275,Arabic_MultiClass,ConfliBERT-v2-Arabic-Scratch-65K,125,8,4
0.5145903915483353,2.2434494892756143,0.6153846153846154,0.6153846153846154,0.6184038608577882,0.6153846153846154,0.6095258549128518,0.6153846153846154,0.6130708341400906,Arabic_MultiClass,ConfliBERT-v2-Arabic-Scratch-65K,125,8,5
0.4716184904949893,1.1224254700872633,0.5707915273132664,0.5707915273132664,0.5961868352360712,0.5707915273132664,0.5750477678031858,0.5707915273132664,0.5647913719228163,Arabic_MultiClass,ConfliBERT-v2-Arabic-Scratch-65K,126,8,1
0.4966950074903572,1.1169624328613281,0.5975473801560758,0.5975473801560758,0.6009750453374111,0.5975473801560758,0.59488209129076,0.5975473801560758,0.591475521367206,Arabic_MultiClass,ConfliBERT-v2-Arabic-Scratch-65K,126,8,2
0.4895137041552105,1.3636388513776991,0.5953177257525084,0.5953177257525084,0.6076068072764901,0.5953177257525084,0.5867604358006835,0.5953177257525084,0.5932448576655611,Arabic_MultiClass,ConfliBERT-v2-Arabic-Scratch-65K,126,8,3
0.4962477693828255,1.9831251435809665,0.600891861761427,0.600891861761427,0.6252016453618862,0.600891861761427,0.58484115694642,0.600891861761427,0.5931783586070009,Arabic_MultiClass,ConfliBERT-v2-Arabic-Scratch-65K,126,8,4
0.4786519791591387,2.313107583257887,0.5863991081382386,0.5863991081382386,0.5961312565587029,0.5863991081382386,0.5820199146514936,0.5863991081382386,0.5868516905698717,Arabic_MultiClass,ConfliBERT-v2-Arabic-Scratch-65K,126,8,5
0.45088954508199863,1.0835941168997023,0.5618729096989966,0.5618729096989966,0.5678124416123136,0.5618729096989966,0.5564134235960861,0.5618729096989966,0.5535641023473723,Arabic_MultiClass,ConfliBERT-v2-Arabic-Scratch-65K,127,8,1
0.47894111627598396,1.1617855760786269,0.5863991081382386,0.5863991081382386,0.5939035318949493,0.5863991081382386,0.5739421154901032,0.5863991081382386,0.573489950172207,Arabic_MultiClass,ConfliBERT-v2-Arabic-Scratch-65K,127,8,2
0.46186877791784875,1.3677092128329806,0.5741360089186176,0.5741360089186176,0.5867085231038981,0.5741360089186176,0.5584560500349973,0.5741360089186176,0.5654024318053382,Arabic_MultiClass,ConfliBERT-v2-Arabic-Scratch-65K,127,8,3
0.45975747801642713,2.087231159210205,0.5707915273132664,0.5707915273132664,0.5703379967916662,0.5707915273132664,0.5648279150446334,0.5707915273132664,0.5660127270274524,Arabic_MultiClass,ConfliBERT-v2-Arabic-Scratch-65K,127,8,4
0.47719914689907067,2.4190083609686956,0.5852842809364549,0.5852842809364549,0.5830659557584223,0.5852842809364549,0.5798254645623067,0.5852842809364549,0.5811193986095039,Arabic_MultiClass,ConfliBERT-v2-Arabic-Scratch-65K,127,8,5
0.4398487980313288,1.0896337827046711,0.5507246376811594,0.5507246376811594,0.5681874259713118,0.5507246376811594,0.5541718764319384,0.5507246376811594,0.5529204296994427,Arabic_MultiClass,ConfliBERT-v2-Arabic-Scratch-65K,128,8,1
0.49963834398614565,1.1246815986103482,0.6031215161649944,0.6031215161649944,0.6000412968035261,0.6031215161649944,0.5908586516636052,0.6031215161649944,0.5918274199665003,Arabic_MultiClass,ConfliBERT-v2-Arabic-Scratch-65K,128,8,2
0.4688517610638343,1.5012293921576605,0.5785953177257525,0.5785953177257525,0.5932147792575422,0.5785953177257525,0.5632466300887354,0.5785953177257525,0.5664097095364793,Arabic_MultiClass,ConfliBERT-v2-Arabic-Scratch-65K,128,8,3
0.47723710390556406,2.0442052284876504,0.5841694537346711,0.5841694537346711,0.5859061674365994,0.5841694537346711,0.5811392285695691,0.5841694537346711,0.5816446212929394,Arabic_MultiClass,ConfliBERT-v2-Arabic-Scratch-65K,128,8,4
0.4844890731775864,2.321875731150309,0.5908584169453734,0.5908584169453734,0.5908320202836445,0.5908584169453734,0.5874529992177051,0.5908584169453734,0.5883828353308518,Arabic_MultiClass,ConfliBERT-v2-Arabic-Scratch-65K,128,8,5
0.49392970245006784,1.1144630246692233,0.5997770345596433,0.5997770345596433,0.6112551341385437,0.5997770345596433,0.5904904417907514,0.5997770345596433,0.5968535612715816,Arabic_MultiClass,ConfliBERT-v2-Arabic-Scratch-65K,129,8,1
0.45670706833477676,1.1807302236557007,0.5652173913043478,0.5652173913043478,0.6078567643838579,0.5652173913043478,0.5524264954915109,0.5652173913043478,0.5629604560281526,Arabic_MultiClass,ConfliBERT-v2-Arabic-Scratch-65K,129,8,2
0.4976301603394362,1.4350299305386014,0.5975473801560758,0.5975473801560758,0.5925301482514177,0.5975473801560758,0.597705007085812,0.5975473801560758,0.5900023010621444,Arabic_MultiClass,ConfliBERT-v2-Arabic-Scratch-65K,129,8,3
0.4879083308097295,1.9342300362057157,0.5919732441471572,0.5919732441471572,0.5989858114858115,0.5919732441471572,0.5890625477312784,0.5919732441471572,0.5905882744554578,Arabic_MultiClass,ConfliBERT-v2-Arabic-Scratch-65K,129,8,4
0.5105954082692988,2.189672337638007,0.6120401337792643,0.6120401337792643,0.6114016897450728,0.6120401337792643,0.6037003212854606,0.6120401337792643,0.6061762773558577,Arabic_MultiClass,ConfliBERT-v2-Arabic-Scratch-65K,129,8,5
0.4222586093900771,1.316636151737637,0.5273132664437012,0.5273132664437012,0.6065492328764662,0.5273132664437012,0.5068295141669755,0.5273132664437012,0.5147113927096931,Arabic_MultiClass,ConfliBERT-v2-Arabic-Scratch-65K,130,8,1
0.47643187982197005,1.1367896795272827,0.5819397993311036,0.5819397993311036,0.5805267471848335,0.5819397993311036,0.5790362498721631,0.5819397993311036,0.5750816424524805,Arabic_MultiClass,ConfliBERT-v2-Arabic-Scratch-65K,130,8,2
0.48270170662943396,1.444850312338935,0.5886287625418061,0.5886287625418061,0.5839708325505495,0.5886287625418061,0.585316152065378,0.5886287625418061,0.5832685660284974,Arabic_MultiClass,ConfliBERT-v2-Arabic-Scratch-65K,130,8,3
0.47025853187791544,2.1312955882814197,0.5752508361204013,0.5752508361204013,0.589999451377834,0.5752508361204013,0.5779250457888229,0.5752508361204013,0.5759980298306029,Arabic_MultiClass,ConfliBERT-v2-Arabic-Scratch-65K,130,8,4
0.4894760880981165,2.3218029340108237,0.5953177257525084,0.5953177257525084,0.5994171786152473,0.5953177257525084,0.5901620771589812,0.5953177257525084,0.5934526393492151,Arabic_MultiClass,ConfliBERT-v2-Arabic-Scratch-65K,130,8,5
0.4684734804703564,1.1133551465140448,0.5730211817168339,0.5730211817168339,0.585870606558281,0.5730211817168339,0.5772121745805956,0.5730211817168339,0.5723587718600066,Arabic_MultiClass,ConfliBERT-v2-Arabic-Scratch-65K,131,8,1
0.4970839004727416,1.1388919817076788,0.6020066889632107,0.6020066889632107,0.6006439635008791,0.6020066889632107,0.5912275521873045,0.6020066889632107,0.5945869194543232,Arabic_MultiClass,ConfliBERT-v2-Arabic-Scratch-65K,131,8,2
0.48938875976135804,1.3633468680911593,0.5942028985507246,0.5942028985507246,0.5903958429472989,0.5942028985507246,0.5889081739855734,0.5942028985507246,0.588111018760047,Arabic_MultiClass,ConfliBERT-v2-Arabic-Scratch-65K,131,8,3
0.48173411384288733,2.122130208545261,0.5886287625418061,0.5886287625418061,0.5862225088875377,0.5886287625418061,0.5818611313657753,0.5886287625418061,0.5823752541754024,Arabic_MultiClass,ConfliBERT-v2-Arabic-Scratch-65K,131,8,4
0.4755126714566379,2.3944146898057728,0.5830546265328874,0.5830546265328874,0.5822491731201896,0.5830546265328874,0.5797858185474285,0.5830546265328874,0.5802259979147117,Arabic_MultiClass,ConfliBERT-v2-Arabic-Scratch-65K,131,8,5
0.46097103803839506,1.097978949546814,0.568561872909699,0.568561872909699,0.5691031421589057,0.568561872909699,0.5649489250418043,0.568561872909699,0.5579894328193482,Arabic_MultiClass,ConfliBERT-v2-Arabic-Scratch-65K,132,8,1
0.4799886980914132,1.1330783698293898,0.5875139353400223,0.5875139353400223,0.5914193601509486,0.5875139353400223,0.5775790031517586,0.5875139353400223,0.5805585382666175,Arabic_MultiClass,ConfliBERT-v2-Arabic-Scratch-65K,132,8,2
0.49932808970331555,1.506466547648112,0.6020066889632107,0.6020066889632107,0.6060127680353657,0.6020066889632107,0.5909407859872255,0.6020066889632107,0.5930792241560227,Arabic_MultiClass,ConfliBERT-v2-Arabic-Scratch-65K,132,8,3
0.4827804794711399,2.099631561173333,0.5886287625418061,0.5886287625418061,0.5809645703087173,0.5886287625418061,0.5843807053404577,0.5886287625418061,0.5808376642811597,Arabic_MultiClass,ConfliBERT-v2-Arabic-Scratch-65K,132,8,4
0.48964063239544736,2.3419074217478433,0.5953177257525084,0.5953177257525084,0.5933774336880422,0.5953177257525084,0.589479727405424,0.5953177257525084,0.591179565621645,Arabic_MultiClass,ConfliBERT-v2-Arabic-Scratch-65K,132,8,5
0.44642970672593496,1.1522058844566345,0.5562987736900781,0.5562987736900781,0.5943076717678347,0.5562987736900781,0.542402243021438,0.5562987736900781,0.551063721650715,Arabic_MultiClass,ConfliBERT-v2-Arabic-Scratch-60K,123,8,1
0.48213833395764777,1.2071448696984186,0.5852842809364549,0.5852842809364549,0.5907218681935191,0.5852842809364549,0.5817260958437428,0.5852842809364549,0.5757014444845591,Arabic_MultiClass,ConfliBERT-v2-Arabic-Scratch-60K,123,8,2
0.4860980214253954,1.6234856446584065,0.5897435897435898,0.5897435897435898,0.5946075901045497,0.5897435897435898,0.5890802124548256,0.5897435897435898,0.5877768721816882,Arabic_MultiClass,ConfliBERT-v2-Arabic-Scratch-60K,123,8,3
0.4971154013916922,2.0440901782777576,0.600891861761427,0.600891861761427,0.5988539754888325,0.600891861761427,0.5931992275335929,0.600891861761427,0.5939451850172232,Arabic_MultiClass,ConfliBERT-v2-Arabic-Scratch-60K,123,8,4
0.4829920028585944,2.36539626121521,0.5897435897435898,0.5897435897435898,0.5864071356945947,0.5897435897435898,0.5838149427623113,0.5897435897435898,0.5848562712566798,Arabic_MultiClass,ConfliBERT-v2-Arabic-Scratch-60K,123,8,5
0.47992385131162923,1.1259438594182332,0.5830546265328874,0.5830546265328874,0.5855287762368351,0.5830546265328874,0.5822376821757627,0.5830546265328874,0.5754656392952573,Arabic_MultiClass,ConfliBERT-v2-Arabic-Scratch-60K,124,8,1
0.5228440391557445,1.1307563715510898,0.620958751393534,0.620958751393534,0.6227258894125971,0.620958751393534,0.6145095648501221,0.620958751393534,0.6161819120630021,Arabic_MultiClass,ConfliBERT-v2-Arabic-Scratch-60K,124,8,2
0.5009975303604942,1.4835210773679945,0.6053511705685619,0.6053511705685619,0.6177296650415586,0.6053511705685619,0.5871221641809876,0.6053511705685619,0.5947500506531436,Arabic_MultiClass,ConfliBERT-v2-Arabic-Scratch-60K,124,8,3
0.49643254216570326,2.199376278453403,0.6020066889632107,0.6020066889632107,0.6050697907717232,0.6020066889632107,0.5858724846031348,0.6020066889632107,0.5912504154876685,Arabic_MultiClass,ConfliBERT-v2-Arabic-Scratch-60K,124,8,4
0.4959639639582317,2.375665293799506,0.5997770345596433,0.5997770345596433,0.5996494350989809,0.5997770345596433,0.5941792345197918,0.5997770345596433,0.5950467698707713,Arabic_MultiClass,ConfliBERT-v2-Arabic-Scratch-60K,124,8,5
0.48853475702515325,1.0808870395024617,0.5930880713489409,0.5930880713489409,0.5902068662434666,0.5930880713489409,0.5876319973223998,0.5930880713489409,0.5841593251008688,Arabic_MultiClass,ConfliBERT-v2-Arabic-Scratch-60K,125,8,1
0.5011410679812718,1.1022131111886766,0.6020066889632107,0.6020066889632107,0.6014412008281573,0.6020066889632107,0.5984944342839079,0.6020066889632107,0.5960728504363602,Arabic_MultiClass,ConfliBERT-v2-Arabic-Scratch-60K,125,8,2
0.484163201566782,1.4346757994757757,0.5886287625418061,0.5886287625418061,0.5900834178272938,0.5886287625418061,0.5905492400848438,0.5886287625418061,0.5870845506378156,Arabic_MultiClass,ConfliBERT-v2-Arabic-Scratch-60K,125,8,3
0.4905456891198733,1.9858746661080255,0.5964325529542921,0.5964325529542921,0.5919799046379705,0.5964325529542921,0.5868280531748024,0.5964325529542921,0.5888128100479167,Arabic_MultiClass,ConfliBERT-v2-Arabic-Scratch-60K,125,8,4
0.48185850064843355,2.2415818770726523,0.5886287625418061,0.5886287625418061,0.586376699802728,0.5886287625418061,0.5820027413525867,0.5886287625418061,0.5830845494251259,Arabic_MultiClass,ConfliBERT-v2-Arabic-Scratch-60K,125,8,5
0.44205657637650925,1.1551543871561687,0.5395763656633222,0.5395763656633222,0.5848728864211761,0.5395763656633222,0.5529247602312618,0.5395763656633222,0.5228259095580943,Arabic_MultiClass,ConfliBERT-v2-Arabic-Scratch-60K,126,8,1
0.496229798376268,1.1205315457450018,0.5997770345596433,0.5997770345596433,0.5950462872487496,0.5997770345596433,0.5958960464223623,0.5997770345596433,0.5947673197075661,Arabic_MultiClass,ConfliBERT-v2-Arabic-Scratch-60K,126,8,2
0.4980611566935839,1.4881195492214627,0.600891861761427,0.600891861761427,0.6133117044754537,0.600891861761427,0.5915296189599595,0.600891861761427,0.5961737096414031,Arabic_MultiClass,ConfliBERT-v2-Arabic-Scratch-60K,126,8,3
0.48103404495078717,2.0448482036590576,0.5886287625418061,0.5886287625418061,0.5938620454827993,0.5886287625418061,0.5830176793334688,0.5886287625418061,0.5863106815604121,Arabic_MultiClass,ConfliBERT-v2-Arabic-Scratch-60K,126,8,4
0.4964129019275409,2.261098623275757,0.600891861761427,0.600891861761427,0.6012671015350176,0.600891861761427,0.5949961283707415,0.600891861761427,0.597396673835828,Arabic_MultiClass,ConfliBERT-v2-Arabic-Scratch-60K,126,8,5
0.47160050369114376,1.1042673852708604,0.5797101449275363,0.5797101449275363,0.5754945078403496,0.5797101449275363,0.5665528686581318,0.5797101449275363,0.5654797055041303,Arabic_MultiClass,ConfliBERT-v2-Arabic-Scratch-60K,127,8,1
0.4652723265249909,1.0903908411661785,0.5741360089186176,0.5741360089186176,0.5915873626383529,0.5741360089186176,0.5645908225784387,0.5741360089186176,0.5680999171489203,Arabic_MultiClass,ConfliBERT-v2-Arabic-Scratch-60K,127,8,2
0.4797372059514729,1.4971693754196167,0.5886287625418061,0.5886287625418061,0.5919079053926046,0.5886287625418061,0.5723307075319459,0.5886287625418061,0.5779992411210941,Arabic_MultiClass,ConfliBERT-v2-Arabic-Scratch-60K,127,8,3
0.5031160442013883,2.037623498174879,0.6064659977703456,0.6064659977703456,0.6169732253881386,0.6064659977703456,0.5967752582303666,0.6064659977703456,0.602744077661113,Arabic_MultiClass,ConfliBERT-v2-Arabic-Scratch-60K,127,8,4
0.4892953067561696,2.2978736294640436,0.5953177257525084,0.5953177257525084,0.6000221408545,0.5953177257525084,0.586966037244675,0.5953177257525084,0.5911859996275578,Arabic_MultiClass,ConfliBERT-v2-Arabic-Scratch-60K,127,8,5
0.44647399579138286,1.1574478480550978,0.5473801560758083,0.5473801560758083,0.5843785426453176,0.5473801560758083,0.5575884331921485,0.5473801560758083,0.5224949330619193,Arabic_MultiClass,ConfliBERT-v2-Arabic-Scratch-60K,128,8,1
0.5084222269153218,1.1596017612351313,0.6086956521739131,0.6086956521739131,0.6050308317301099,0.6086956521739131,0.6069739930111447,0.6086956521739131,0.6039209505054537,Arabic_MultiClass,ConfliBERT-v2-Arabic-Scratch-60K,128,8,2
0.4861302670156301,1.5126600530412462,0.5930880713489409,0.5930880713489409,0.592854799875643,0.5930880713489409,0.5837107208933834,0.5930880713489409,0.5862935681299435,Arabic_MultiClass,ConfliBERT-v2-Arabic-Scratch-60K,128,8,3
0.47703439967563216,2.2581152651045056,0.5841694537346711,0.5841694537346711,0.5968803914893199,0.5841694537346711,0.5781051197150269,0.5841694537346711,0.582395452537663,Arabic_MultiClass,ConfliBERT-v2-Arabic-Scratch-60K,128,8,4
0.4722114363040127,2.460585355758667,0.5808249721293199,0.5808249721293199,0.5843345309422394,0.5808249721293199,0.5746201619576232,0.5808249721293199,0.5775063675873847,Arabic_MultiClass,ConfliBERT-v2-Arabic-Scratch-60K,128,8,5
0.468130077468079,1.1500047047932942,0.5730211817168339,0.5730211817168339,0.5842780294300655,0.5730211817168339,0.5623109841376095,0.5730211817168339,0.5573007956478782,Arabic_MultiClass,ConfliBERT-v2-Arabic-Scratch-60K,129,8,1
0.5097686470801189,1.1038071778085496,0.6098104793756968,0.6098104793756968,0.6063903048304502,0.6098104793756968,0.6046474426660184,0.6098104793756968,0.6022453011290557,Arabic_MultiClass,ConfliBERT-v2-Arabic-Scratch-60K,129,8,2
0.4719786307784965,1.567093915409512,0.5797101449275363,0.5797101449275363,0.5844753134781453,0.5797101449275363,0.5751043746090185,0.5797101449275363,0.5763808773908805,Arabic_MultiClass,ConfliBERT-v2-Arabic-Scratch-60K,129,8,3
0.4603273284683254,2.2119383414586387,0.5696767001114827,0.5696767001114827,0.5830528572725189,0.5696767001114827,0.5646100545481352,0.5696767001114827,0.5681481889357002,Arabic_MultiClass,ConfliBERT-v2-Arabic-Scratch-60K,129,8,4
0.4738557789055857,2.4810682005352445,0.5830546265328874,0.5830546265328874,0.5830708081825685,0.5830546265328874,0.5758547269073585,0.5830546265328874,0.5786667628633155,Arabic_MultiClass,ConfliBERT-v2-Arabic-Scratch-60K,129,8,5
0.44381031046380076,1.2145249247550964,0.5406911928651059,0.5406911928651059,0.5759459684294475,0.5406911928651059,0.5548295088542767,0.5406911928651059,0.5267838996993006,Arabic_MultiClass,ConfliBERT-v2-Arabic-Scratch-60K,130,8,1
0.48282304280004207,1.2244598468144734,0.5875139353400223,0.5875139353400223,0.5964519117030148,0.5875139353400223,0.5763750393471756,0.5875139353400223,0.5726999981892947,Arabic_MultiClass,ConfliBERT-v2-Arabic-Scratch-60K,130,8,2
0.4684323455065501,1.6744077603022258,0.5785953177257525,0.5785953177257525,0.589530092436442,0.5785953177257525,0.5695866985959864,0.5785953177257525,0.5730627091261083,Arabic_MultiClass,ConfliBERT-v2-Arabic-Scratch-60K,130,8,3
0.48991239990556273,2.2209625244140625,0.5942028985507246,0.5942028985507246,0.5948465101855589,0.5942028985507246,0.5922126593643622,0.5942028985507246,0.5922078814723469,Arabic_MultiClass,ConfliBERT-v2-Arabic-Scratch-60K,130,8,4
0.4793488269068201,2.4898949464162192,0.5852842809364549,0.5852842809364549,0.5929492555017942,0.5852842809364549,0.5817422862933699,0.5852842809364549,0.5838941046791634,Arabic_MultiClass,ConfliBERT-v2-Arabic-Scratch-60K,130,8,5
0.46548401311091653,1.1142337984508939,0.5696767001114827,0.5696767001114827,0.576775280917154,0.5696767001114827,0.5717534828061144,0.5696767001114827,0.5591578630390258,Arabic_MultiClass,ConfliBERT-v2-Arabic-Scratch-60K,131,8,1
0.5050395560492907,1.0586649245686002,0.6075808249721293,0.6075808249721293,0.6158742447236454,0.6075808249721293,0.5996868031233357,0.6075808249721293,0.6038484124744149,Arabic_MultiClass,ConfliBERT-v2-Arabic-Scratch-60K,131,8,2
0.48391613781879567,1.4571761290232341,0.5908584169453734,0.5908584169453734,0.5955794375559081,0.5908584169453734,0.5818249120416302,0.5908584169453734,0.5865313936522905,Arabic_MultiClass,ConfliBERT-v2-Arabic-Scratch-60K,131,8,3
0.49740039888308313,2.151932226286994,0.5986622073578596,0.5986622073578596,0.6036702201547739,0.5986622073578596,0.5988373291469268,0.5986622073578596,0.597571351501624,Arabic_MultiClass,ConfliBERT-v2-Arabic-Scratch-60K,131,8,4
0.4996039129076345,2.328907330830892,0.6031215161649944,0.6031215161649944,0.6070283307637544,0.6031215161649944,0.5957012430387044,0.6031215161649944,0.5994400354840297,Arabic_MultiClass,ConfliBERT-v2-Arabic-Scratch-60K,131,8,5
0.41872169252986474,1.2158508168326483,0.5340022296544036,0.5340022296544036,0.5653750853784534,0.5340022296544036,0.5156278082593873,0.5340022296544036,0.5044484684815895,Arabic_MultiClass,ConfliBERT-v2-Arabic-Scratch-60K,132,8,1
0.4855980047978465,1.1095244619581435,0.5897435897435898,0.5897435897435898,0.611097288848373,0.5897435897435898,0.5790683385729826,0.5897435897435898,0.5846389851202203,Arabic_MultiClass,ConfliBERT-v2-Arabic-Scratch-60K,132,8,2
0.4837105689080975,1.4527116219202678,0.5875139353400223,0.5875139353400223,0.5866127709343879,0.5875139353400223,0.583018263730338,0.5875139353400223,0.5786774655042246,Arabic_MultiClass,ConfliBERT-v2-Arabic-Scratch-60K,132,8,3
0.4998957503193552,2.115900158882141,0.6042363433667781,0.6042363433667781,0.6014805875957431,0.6042363433667781,0.5933453533143936,0.6042363433667781,0.5956549866981254,Arabic_MultiClass,ConfliBERT-v2-Arabic-Scratch-60K,132,8,4
0.49028587719245065,2.3878667884402804,0.5964325529542921,0.5964325529542921,0.5959088793168521,0.5964325529542921,0.5875780203024785,0.5964325529542921,0.5909326467245101,Arabic_MultiClass,ConfliBERT-v2-Arabic-Scratch-60K,132,8,5
0.47182397415625277,1.1025458441840277,0.5774804905239688,0.5774804905239688,0.5828057299264091,0.5774804905239688,0.5731298569688662,0.5774804905239688,0.5707319819578295,Arabic_MultiClass,arabertv2-base-finetune,123,8,1
0.4961088852391359,1.0996523300806682,0.5986622073578596,0.5986622073578596,0.614485943377667,0.5986622073578596,0.5850186010867126,0.5986622073578596,0.5867305821416575,Arabic_MultiClass,arabertv2-base-finetune,123,8,2
0.5167718034383686,1.2668421003553603,0.6176142697881828,0.6176142697881828,0.615352400753727,0.6176142697881828,0.6056884792798105,0.6176142697881828,0.6088388792416229,Arabic_MultiClass,arabertv2-base-finetune,123,8,3
0.5220783723594481,1.5747102366553412,0.6187290969899666,0.6187290969899666,0.6144428671621378,0.6187290969899666,0.6191896407685882,0.6187290969899666,0.6152661378542238,Arabic_MultiClass,arabertv2-base-finetune,123,8,4
0.5163758892014811,1.8011115656958685,0.6153846153846154,0.6153846153846154,0.6146166726251258,0.6153846153846154,0.6124263095470526,0.6153846153846154,0.6122683156930674,Arabic_MultiClass,arabertv2-base-finetune,123,8,5
0.0,1.597429182794359,0.22742474916387959,0.22742474916387959,0.045484949832775914,0.22742474916387959,0.2,0.22742474916387959,0.07411444141689373,Arabic_MultiClass,arabertv2-base-finetune,124,8,1
0.0,1.6025431156158447,0.24749163879598662,0.24749163879598662,0.049498327759197325,0.24749163879598662,0.2,0.24749163879598662,0.07935656836461126,Arabic_MultiClass,arabertv2-base-finetune,124,8,2
0.0,1.5940476258595784,0.24749163879598662,0.24749163879598662,0.049498327759197325,0.24749163879598662,0.2,0.24749163879598662,0.07935656836461126,Arabic_MultiClass,arabertv2-base-finetune,124,8,3
0.23944823994349637,1.4042563041051228,0.3890746934225195,0.3890746934225195,0.3033591832800765,0.3890746934225195,0.35271213274309254,0.3890746934225195,0.28017942717454447,Arabic_MultiClass,arabertv2-base-finetune,124,8,4
0.37141907568079496,1.2664471202426486,0.4972129319955407,0.4972129319955407,0.4838500338503754,0.4972129319955407,0.4828855790775295,0.4972129319955407,0.4789323688194053,Arabic_MultiClass,arabertv2-base-finetune,124,8,5
0.4864103508218411,1.1475871668921576,0.5808249721293199,0.5808249721293199,0.602748475170285,0.5808249721293199,0.5894937662120325,0.5808249721293199,0.5798510041536961,Arabic_MultiClass,arabertv2-base-finetune,125,8,1
0.524231918096561,0.9841207265853882,0.6220735785953178,0.6220735785953178,0.6187409921748022,0.6220735785953178,0.6178992260726007,0.6220735785953178,0.6171323849513684,Arabic_MultiClass,arabertv2-base-finetune,125,8,2
0.5346491368228741,1.1153141127692328,0.6309921962095875,0.6309921962095875,0.6356666235428075,0.6309921962095875,0.6242494019893401,0.6309921962095875,0.628298334245892,Arabic_MultiClass,arabertv2-base-finetune,125,8,3
0.5260816287720704,1.462741043832567,0.6243032329988851,0.6243032329988851,0.626291011714254,0.6243032329988851,0.6147942590976647,0.6243032329988851,0.6184969920114587,Arabic_MultiClass,arabertv2-base-finetune,125,8,4
0.5216123695609745,1.6862146457036336,0.6198439241917503,0.6198439241917503,0.6195111953834146,0.6198439241917503,0.614373254280375,0.6198439241917503,0.6150672431192626,Arabic_MultiClass,arabertv2-base-finetune,125,8,5
0.0,1.6006663640340169,0.24749163879598662,0.24749163879598662,0.049498327759197325,0.24749163879598662,0.2,0.24749163879598662,0.07935656836461126,Arabic_MultiClass,arabertv2-base-finetune,126,8,1
0.0,1.597656740082635,0.20624303232998886,0.20624303232998886,0.041248606465997775,0.20624303232998886,0.2,0.2062430323299889,0.06839186691312385,Arabic_MultiClass,arabertv2-base-finetune,126,8,2
0.0,1.5962516731686063,0.22742474916387959,0.22742474916387959,0.045484949832775914,0.22742474916387959,0.2,0.22742474916387959,0.07411444141689373,Arabic_MultiClass,arabertv2-base-finetune,126,8,3
0.0,1.5956049097908869,0.22742474916387959,0.22742474916387959,0.045484949832775914,0.22742474916387959,0.2,0.22742474916387959,0.07411444141689373,Arabic_MultiClass,arabertv2-base-finetune,126,8,4
0.0,1.5934309826956854,0.24749163879598662,0.24749163879598662,0.049498327759197325,0.24749163879598662,0.2,0.24749163879598662,0.07935656836461126,Arabic_MultiClass,arabertv2-base-finetune,126,8,5
0.492681432152418,1.0753326813379924,0.5953177257525084,0.5953177257525084,0.6206546390214676,0.5953177257525084,0.5836699060847668,0.5953177257525084,0.5826281066574405,Arabic_MultiClass,arabertv2-base-finetune,127,8,1
0.49730525788532287,1.0707769592603047,0.5997770345596433,0.5997770345596433,0.6080510689959275,0.5997770345596433,0.5905432367351873,0.5997770345596433,0.5917289728689012,Arabic_MultiClass,arabertv2-base-finetune,127,8,2
0.49676073461995146,1.2839421431223552,0.5986622073578596,0.5986622073578596,0.6149900289154024,0.5986622073578596,0.5895207414402461,0.5986622073578596,0.593948751147215,Arabic_MultiClass,arabertv2-base-finetune,127,8,3
0.5089156744253646,1.5397795703676012,0.6086956521739131,0.6086956521739131,0.6068197253544334,0.6086956521739131,0.6070234542370766,0.6086956521739131,0.6049662388243768,Arabic_MultiClass,arabertv2-base-finetune,127,8,4
0.503400921813151,1.816209289762709,0.6053511705685619,0.6053511705685619,0.6054082497742013,0.6053511705685619,0.6029252383741548,0.6053511705685619,0.6029680242765141,Arabic_MultiClass,arabertv2-base-finetune,127,8,5
0.49588452583711584,1.063992480436961,0.5986622073578596,0.5986622073578596,0.6364865923240481,0.5986622073578596,0.5747982701852671,0.5986622073578596,0.5838687242022461,Arabic_MultiClass,arabertv2-base-finetune,128,8,1
0.4790464297276516,1.0879782835642497,0.5819397993311036,0.5819397993311036,0.5898195659193328,0.5819397993311036,0.5825640014184905,0.5819397993311036,0.5771713042035704,Arabic_MultiClass,arabertv2-base-finetune,128,8,2
0.49517135267959494,1.2346105376879375,0.5975473801560758,0.5975473801560758,0.6085730819776114,0.5975473801560758,0.5943181084667153,0.5975473801560758,0.5921342209916309,Arabic_MultiClass,arabertv2-base-finetune,128,8,3
0.5071956017137838,1.6481823921203613,0.6075808249721293,0.6075808249721293,0.6159793550504754,0.6075808249721293,0.6035618590726949,0.6075808249721293,0.603203301303945,Arabic_MultiClass,arabertv2-base-finetune,128,8,4
0.5012104522773861,1.7861986425187852,0.6031215161649944,0.6031215161649944,0.6015747042684565,0.6031215161649944,0.6026395612773321,0.6031215161649944,0.6011425224034611,Arabic_MultiClass,arabertv2-base-finetune,128,8,5
0.46993480215548566,1.1203102072079976,0.5707915273132664,0.5707915273132664,0.5919691868446718,0.5707915273132664,0.5780037401399631,0.5707915273132664,0.5696903918752136,Arabic_MultiClass,arabertv2-base-finetune,129,8,1
0.49266432649277037,1.0660441385375128,0.5942028985507246,0.5942028985507246,0.6089286918254653,0.5942028985507246,0.5879388853692259,0.5942028985507246,0.5860897118600059,Arabic_MultiClass,arabertv2-base-finetune,129,8,2
0.537437929819821,1.2007588081889682,0.6309921962095875,0.6309921962095875,0.6333740023373063,0.6309921962095875,0.6264565095834446,0.6309921962095875,0.6253780853753181,Arabic_MultiClass,arabertv2-base-finetune,129,8,3
0.5273092466332171,1.4856332408057318,0.6254180602006689,0.6254180602006689,0.6281411709983138,0.6254180602006689,0.6187317259763081,0.6254180602006689,0.6224664534267745,Arabic_MultiClass,arabertv2-base-finetune,129,8,4
0.5312222544504579,1.720931715435452,0.6276477146042363,0.6276477146042363,0.6247624091330322,0.6276477146042363,0.6238746176517075,0.6276477146042363,0.6240393774601926,Arabic_MultiClass,arabertv2-base-finetune,129,8,5
0.4554325336701956,1.1728292571173773,0.5618729096989966,0.5618729096989966,0.6035028648523213,0.5618729096989966,0.5506034827397056,0.5618729096989966,0.5544877874588465,Arabic_MultiClass,arabertv2-base-finetune,130,8,1
0.5159505496883102,1.0629290011194017,0.6142697881828316,0.6142697881828316,0.6154678409883195,0.6142697881828316,0.6085788265045231,0.6142697881828316,0.6061051851852824,Arabic_MultiClass,arabertv2-base-finetune,130,8,2
0.5242969964464607,1.1887518233723111,0.6198439241917503,0.6198439241917503,0.6217158104016576,0.6198439241917503,0.6209631790127146,0.6198439241917503,0.6178889975167019,Arabic_MultiClass,arabertv2-base-finetune,130,8,3
0.5177445751766883,1.538880705833435,0.6176142697881828,0.6176142697881828,0.625744688248481,0.6176142697881828,0.6115234429475915,0.6176142697881828,0.6160003354800516,Arabic_MultiClass,arabertv2-base-finetune,130,8,4
0.522253474176261,1.7416814300749037,0.620958751393534,0.620958751393534,0.6294340530128469,0.620958751393534,0.6164793807518266,0.620958751393534,0.6206103516960463,Arabic_MultiClass,arabertv2-base-finetune,130,8,5
0.5000727718286522,1.1031277312172785,0.5964325529542921,0.5964325529542921,0.6115269122351761,0.5964325529542921,0.6018417001698736,0.5964325529542921,0.5955039133198365,Arabic_MultiClass,arabertv2-base-finetune,131,8,1
0.5075915349086244,1.0801680154270596,0.6064659977703456,0.6064659977703456,0.6477304148558309,0.6064659977703456,0.5885036385345983,0.6064659977703456,0.5965913072576015,Arabic_MultiClass,arabertv2-base-finetune,131,8,2
0.5194665977445162,1.2673972845077515,0.6187290969899666,0.6187290969899666,0.6153294986849461,0.6187290969899666,0.6138542036065257,0.6187290969899666,0.6143439124234378,Arabic_MultiClass,arabertv2-base-finetune,131,8,3
0.5029865571641237,1.55458664894104,0.6042363433667781,0.6042363433667781,0.6014144260038045,0.6042363433667781,0.6040581315503915,0.6042363433667781,0.6016139811120428,Arabic_MultiClass,arabertv2-base-finetune,131,8,4
0.5196471651061736,1.7795828315946791,0.6176142697881828,0.6176142697881828,0.6242372431021012,0.6176142697881828,0.6148126144720573,0.6176142697881828,0.6164711107168275,Arabic_MultiClass,arabertv2-base-finetune,131,8,5
0.49531977130313537,1.0603328678343031,0.5986622073578596,0.5986622073578596,0.5988285344140803,0.5986622073578596,0.5902984939827045,0.5986622073578596,0.5894995185643859,Arabic_MultiClass,arabertv2-base-finetune,132,8,1
0.5263448154560747,1.0461455119980707,0.6231884057971014,0.6231884057971014,0.6230066027753846,0.6231884057971014,0.6193862106246008,0.6231884057971014,0.6195304794582835,Arabic_MultiClass,arabertv2-base-finetune,132,8,2
0.5340517629092139,1.2359786099857755,0.6309921962095875,0.6309921962095875,0.6390532004137517,0.6309921962095875,0.6216958665875074,0.6309921962095875,0.6270490638918844,Arabic_MultiClass,arabertv2-base-finetune,132,8,3
0.5138460719705101,1.5465050008561876,0.6142697881828316,0.6142697881828316,0.6089837910499726,0.6142697881828316,0.6090153444023413,0.6142697881828316,0.6089740826695034,Arabic_MultiClass,arabertv2-base-finetune,132,8,4
0.5210672935540003,1.7569339805179172,0.6198439241917503,0.6198439241917503,0.6167831876682759,0.6198439241917503,0.6159232341585282,0.6198439241917503,0.6162041262570916,Arabic_MultiClass,arabertv2-base-finetune,132,8,5
0.42050985912452166,1.18957296344969,0.5395763656633222,0.5395763656633222,0.5802945911495686,0.5395763656633222,0.5158477539901688,0.5395763656633222,0.5174740425083522,Arabic_MultiClass,bert-multilingual-uncased-finetune,123,8,1
0.4919797355773927,1.1469420658217535,0.5964325529542921,0.5964325529542921,0.6168796565408491,0.5964325529542921,0.5823768350393739,0.5964325529542921,0.589617241750658,Arabic_MultiClass,bert-multilingual-uncased-finetune,123,8,2
0.4771806250452693,1.2651195724805195,0.5841694537346711,0.5841694537346711,0.5934910987415297,0.5841694537346711,0.5781984505513917,0.5841694537346711,0.5798705393225612,Arabic_MultiClass,bert-multilingual-uncased-finetune,123,8,3
0.49946253674975977,1.5065090788735285,0.6031215161649944,0.6031215161649944,0.6026113977346853,0.6031215161649944,0.5987953189810775,0.6031215161649944,0.6001126050323676,Arabic_MultiClass,bert-multilingual-uncased-finetune,123,8,4
0.490564284328578,1.782999316851298,0.5953177257525084,0.5953177257525084,0.6032064725883524,0.5953177257525084,0.5929270048465096,0.5953177257525084,0.5953335790683825,Arabic_MultiClass,bert-multilingual-uncased-finetune,123,8,5
0.37101526589789047,1.2796644237306383,0.496098104793757,0.496098104793757,0.5561695674498032,0.496098104793757,0.4687923438697433,0.496098104793757,0.4613974769706461,Arabic_MultiClass,bert-multilingual-uncased-finetune,124,8,1
0.4565217976425767,1.1377309494548373,0.5618729096989966,0.5618729096989966,0.5731071820838102,0.5618729096989966,0.5625371988529884,0.5618729096989966,0.5482074315260805,Arabic_MultiClass,bert-multilingual-uncased-finetune,124,8,2
0.4642681962013735,1.2710613409678142,0.5719063545150501,0.5719063545150501,0.5734198096084153,0.5719063545150501,0.571127753140137,0.5719063545150501,0.5659455855210965,Arabic_MultiClass,bert-multilingual-uncased-finetune,124,8,3
0.46205814027439174,1.5439449416266546,0.5719063545150501,0.5719063545150501,0.5672009654547098,0.5719063545150501,0.5685664611980401,0.5719063545150501,0.5671632989305018,Arabic_MultiClass,bert-multilingual-uncased-finetune,124,8,4
0.467398588792614,1.9459941784540813,0.5763656633221851,0.5763656633221851,0.5769396744987296,0.5763656633221851,0.5718876284510959,0.5763656633221851,0.5722422397805252,Arabic_MultiClass,bert-multilingual-uncased-finetune,124,8,5
0.3659180212711005,1.247150672806634,0.48494983277591974,0.48494983277591974,0.49357729828032043,0.48494983277591974,0.4786368146120468,0.48494983277591974,0.44788475485624024,Arabic_MultiClass,bert-multilingual-uncased-finetune,125,8,1
0.44797004689141706,1.1910431649949815,0.5551839464882943,0.5551839464882943,0.6114142849569442,0.5551839464882943,0.531517917740828,0.5551839464882943,0.5379956951744589,Arabic_MultiClass,bert-multilingual-uncased-finetune,125,8,2
0.47685642162492425,1.26745601495107,0.5830546265328874,0.5830546265328874,0.598290894364361,0.5830546265328874,0.5718325623279183,0.5830546265328874,0.5760411871627754,Arabic_MultiClass,bert-multilingual-uncased-finetune,125,8,3
0.4808789055732751,1.418714748488532,0.5875139353400223,0.5875139353400223,0.585738697804058,0.5875139353400223,0.5846024972340762,0.5875139353400223,0.5839304448078396,Arabic_MultiClass,bert-multilingual-uncased-finetune,125,8,4
0.47489203360943516,1.7320722341537476,0.5830546265328874,0.5830546265328874,0.5854474010388182,0.5830546265328874,0.5784155274248153,0.5830546265328874,0.5803940264977656,Arabic_MultiClass,bert-multilingual-uncased-finetune,125,8,5
0.3854107134816349,1.2421175837516785,0.49498327759197325,0.49498327759197325,0.5703602597894972,0.49498327759197325,0.49460163392051937,0.49498327759197325,0.46082355120802587,Arabic_MultiClass,bert-multilingual-uncased-finetune,126,8,1
0.4886334648288738,1.1113660467995539,0.5942028985507246,0.5942028985507246,0.6177443841022351,0.5942028985507246,0.5757328403148836,0.5942028985507246,0.579602124781814,Arabic_MultiClass,bert-multilingual-uncased-finetune,126,8,2
0.47529400655982373,1.3002942204475403,0.5841694537346711,0.5841694537346711,0.5996689569020153,0.5841694537346711,0.5658664015629961,0.5841694537346711,0.5722315226196147,Arabic_MultiClass,bert-multilingual-uncased-finetune,126,8,3
0.5016360346697327,1.5157891379462347,0.6031215161649944,0.6031215161649944,0.6059589390284826,0.6031215161649944,0.6003631628089832,0.6031215161649944,0.6003954582512694,Arabic_MultiClass,bert-multilingual-uncased-finetune,126,8,4
0.4892222598099299,1.8348312377929688,0.5942028985507246,0.5942028985507246,0.6022072100295575,0.5942028985507246,0.5883375104427737,0.5942028985507246,0.5912963828998291,Arabic_MultiClass,bert-multilingual-uncased-finetune,126,8,5
0.29612178727165867,1.486551629172431,0.3835005574136009,0.3835005574136009,0.5012669756288765,0.3835005574136009,0.4199825212209113,0.3835005574136009,0.35567035948890896,Arabic_MultiClass,bert-multilingual-uncased-finetune,127,8,1
0.47280475868394306,1.104469941722022,0.5797101449275363,0.5797101449275363,0.5826469338457612,0.5797101449275363,0.5777923478542674,0.5797101449275363,0.5754500905242738,Arabic_MultiClass,bert-multilingual-uncased-finetune,127,8,2
0.4769607087641628,1.1511730551719666,0.5819397993311036,0.5819397993311036,0.5802062811138441,0.5819397993311036,0.5830031623839673,0.5819397993311036,0.5783323261903655,Arabic_MultiClass,bert-multilingual-uncased-finetune,127,8,3
0.48439391988248315,1.5007216533025105,0.5897435897435898,0.5897435897435898,0.5912308097023535,0.5897435897435898,0.5843140708156188,0.5897435897435898,0.5826871468687939,Arabic_MultiClass,bert-multilingual-uncased-finetune,127,8,4
0.4792768877648021,1.7948771847618952,0.5863991081382386,0.5863991081382386,0.5860658127976441,0.5863991081382386,0.5812979188830583,0.5863991081382386,0.5824532013875484,Arabic_MultiClass,bert-multilingual-uncased-finetune,127,8,5
0.38311375741013043,1.3538386556837294,0.5105908584169454,0.5105908584169454,0.5290266969276454,0.5105908584169454,0.47722910880805625,0.5105908584169454,0.4706262076282154,Arabic_MultiClass,bert-multilingual-uncased-finetune,128,8,1
0.4675554601656075,1.1205662488937378,0.5774804905239688,0.5774804905239688,0.590853925882999,0.5774804905239688,0.5631032403478223,0.5774804905239688,0.565995379156741,Arabic_MultiClass,bert-multilingual-uncased-finetune,128,8,2
0.47471522162669966,1.289358953634898,0.5830546265328874,0.5830546265328874,0.581374569592836,0.5830546265328874,0.578641635886218,0.5830546265328874,0.5795228173931791,Arabic_MultiClass,bert-multilingual-uncased-finetune,128,8,3
0.4531875433936366,1.6579223738776312,0.5663322185061316,0.5663322185061316,0.5738366169957159,0.5663322185061316,0.559993770860644,0.5663322185061316,0.5641213354598198,Arabic_MultiClass,bert-multilingual-uncased-finetune,128,8,4
0.4681484388605444,1.9772125350104437,0.5774804905239688,0.5774804905239688,0.5767614879685936,0.5774804905239688,0.5750796439960527,0.5774804905239688,0.5752830446230213,Arabic_MultiClass,bert-multilingual-uncased-finetune,128,8,5
0.4120674979733265,1.1583064926995172,0.5328874024526199,0.5328874024526199,0.5518264552528567,0.5328874024526199,0.5161671932879364,0.5328874024526199,0.5185921540651556,Arabic_MultiClass,bert-multilingual-uncased-finetune,129,8,1
0.433514604810088,1.2646140456199646,0.5518394648829431,0.5518394648829431,0.5804584086944709,0.5518394648829431,0.5262574693224847,0.5518394648829431,0.5312171193715295,Arabic_MultiClass,bert-multilingual-uncased-finetune,129,8,2
0.4633773029010579,1.2550292412439983,0.5730211817168339,0.5730211817168339,0.5797092136366294,0.5730211817168339,0.5658388286561662,0.5730211817168339,0.5692891545027741,Arabic_MultiClass,bert-multilingual-uncased-finetune,129,8,3
0.4712335641420557,1.4513609276877508,0.5808249721293199,0.5808249721293199,0.5909440610776684,0.5808249721293199,0.5717877231499522,0.5808249721293199,0.5765873083938018,Arabic_MultiClass,bert-multilingual-uncased-finetune,129,8,4
0.4722996483750159,1.8164223300086126,0.5808249721293199,0.5808249721293199,0.5806934923771812,0.5808249721293199,0.576847882823115,0.5808249721293199,0.577664240108656,Arabic_MultiClass,bert-multilingual-uncased-finetune,129,8,5
0.4033507737373128,1.2335714631610446,0.5261984392419174,0.5261984392419174,0.530869481664964,0.5261984392419174,0.5041556461370702,0.5261984392419174,0.4949447932169341,Arabic_MultiClass,bert-multilingual-uncased-finetune,130,8,1
0.4502294729264769,1.1630992359585233,0.5652173913043478,0.5652173913043478,0.587676407706675,0.5652173913043478,0.5444123955888662,0.5652173913043478,0.550729653546912,Arabic_MultiClass,bert-multilingual-uncased-finetune,130,8,2
0.4808508183881443,1.2271344065666199,0.5875139353400223,0.5875139353400223,0.5899392297751239,0.5875139353400223,0.5809380499473378,0.5875139353400223,0.5831708000845344,Arabic_MultiClass,bert-multilingual-uncased-finetune,130,8,3
0.479973149244615,1.5513831244574652,0.5863991081382386,0.5863991081382386,0.5793899642656891,0.5863991081382386,0.5805346035996191,0.5863991081382386,0.5794143009010511,Arabic_MultiClass,bert-multilingual-uncased-finetune,130,8,4
0.4621243415915168,1.856809417406718,0.5730211817168339,0.5730211817168339,0.5727888789681828,0.5730211817168339,0.5636289717404269,0.5730211817168339,0.5659791008696677,Arabic_MultiClass,bert-multilingual-uncased-finetune,130,8,5
0.4364455361322793,1.196227537261115,0.5440356744704571,0.5440356744704571,0.5799778804890476,0.5440356744704571,0.5437485074636778,0.5440356744704571,0.5420083429438691,Arabic_MultiClass,bert-multilingual-uncased-finetune,131,8,1
0.442148253927581,1.1760697563489277,0.5551839464882943,0.5551839464882943,0.5603498322750171,0.5551839464882943,0.5513665191064572,0.5551839464882943,0.5510773215684308,Arabic_MultiClass,bert-multilingual-uncased-finetune,131,8,2
0.49886989974206997,1.190095153119829,0.600891861761427,0.600891861761427,0.6008760022549646,0.600891861761427,0.5974987282727221,0.600891861761427,0.5969100638974163,Arabic_MultiClass,bert-multilingual-uncased-finetune,131,8,3
0.45949136216559944,1.681748178270128,0.5696767001114827,0.5696767001114827,0.590407081067622,0.5696767001114827,0.5607516804730427,0.5696767001114827,0.5676985118238628,Arabic_MultiClass,bert-multilingual-uncased-finetune,131,8,4
0.4870502492867939,1.952965325779385,0.5930880713489409,0.5930880713489409,0.5970462150503014,0.5930880713489409,0.5895339036515508,0.5930880713489409,0.5919774705627742,Arabic_MultiClass,bert-multilingual-uncased-finetune,131,8,5
0.40880984916340635,1.2607029146618314,0.5239687848383501,0.5239687848383501,0.6188635569615026,0.5239687848383501,0.49849010443437686,0.5239687848383501,0.4865393666654903,Arabic_MultiClass,bert-multilingual-uncased-finetune,132,8,1
0.4627404274315057,1.0851125253571405,0.5741360089186176,0.5741360089186176,0.5810147503623113,0.5741360089186176,0.5618687816520633,0.5741360089186176,0.5652540369979123,Arabic_MultiClass,bert-multilingual-uncased-finetune,132,8,2
0.48093029446671676,1.2497712108823988,0.5875139353400223,0.5875139353400223,0.5999287081336825,0.5875139353400223,0.5771560326359088,0.5875139353400223,0.5811463695992317,Arabic_MultiClass,bert-multilingual-uncased-finetune,132,8,3
0.47474706349717594,1.5704366498523288,0.5785953177257525,0.5785953177257525,0.5856094674556213,0.5785953177257525,0.5814576982998035,0.5785953177257525,0.5759315224284312,Arabic_MultiClass,bert-multilingual-uncased-finetune,132,8,4
0.47388189981472595,1.8588631285561457,0.5819397993311036,0.5819397993311036,0.5818278368099299,0.5819397993311036,0.5773097157307683,0.5819397993311036,0.5784110105831308,Arabic_MultiClass,bert-multilingual-uncased-finetune,132,8,5
0.3588982345817478,1.272922158241272,0.48717948717948717,0.48717948717948717,0.532344075677409,0.48717948717948717,0.46761393414644187,0.48717948717948717,0.449926611232425,Arabic_MultiClass,bert-multilingual-cased-finetune,123,8,1
0.45586264777617785,1.1233977145618863,0.568561872909699,0.568561872909699,0.5801240633971662,0.568561872909699,0.558586875243222,0.568561872909699,0.562149580876992,Arabic_MultiClass,bert-multilingual-cased-finetune,123,8,2
0.47476758719720435,1.2011198666360643,0.5830546265328874,0.5830546265328874,0.595535951498816,0.5830546265328874,0.5721118641861677,0.5830546265328874,0.577518763761337,Arabic_MultiClass,bert-multilingual-cased-finetune,123,8,3
0.45353243199762006,1.5447776052686903,0.5596432552954292,0.5596432552954292,0.5748541805495865,0.5596432552954292,0.5647998639949104,0.5596432552954292,0.556762020778039,Arabic_MultiClass,bert-multilingual-cased-finetune,123,8,4
0.4700693696652598,1.8456825150383844,0.5774804905239688,0.5774804905239688,0.5803121804769263,0.5774804905239688,0.579141946015011,0.5774804905239688,0.5773183736898579,Arabic_MultiClass,bert-multilingual-cased-finetune,123,8,5
0.4136666558689854,1.2337460650338068,0.5328874024526199,0.5328874024526199,0.567357502186456,0.5328874024526199,0.5094186579325898,0.5328874024526199,0.5109645951277523,Arabic_MultiClass,bert-multilingual-cased-finetune,124,8,1
0.46413066949522314,1.0914877719349332,0.5719063545150501,0.5719063545150501,0.5812875437041269,0.5719063545150501,0.5674066724840718,0.5719063545150501,0.5689889516251438,Arabic_MultiClass,bert-multilingual-cased-finetune,124,8,2
0.48414068176522257,1.1287566158506606,0.5852842809364549,0.5852842809364549,0.5935073848537936,0.5852842809364549,0.5928034580356563,0.5852842809364549,0.586246084566581,Arabic_MultiClass,bert-multilingual-cased-finetune,124,8,3
0.48660548084701033,1.4656929175059001,0.5919732441471572,0.5919732441471572,0.5902195722273605,0.5919732441471572,0.5866260909294965,0.5919732441471572,0.5868292290041568,Arabic_MultiClass,bert-multilingual-cased-finetune,124,8,4
0.48308484838050597,1.7594811386532254,0.5897435897435898,0.5897435897435898,0.588230798278144,0.5897435897435898,0.5837435002450483,0.5897435897435898,0.5854119949568386,Arabic_MultiClass,bert-multilingual-cased-finetune,124,8,5
0.37231990607886295,1.3313456906212702,0.47045707915273133,0.47045707915273133,0.5430034980499376,0.47045707915273133,0.5034942549803231,0.47045707915273133,0.46413701456802137,Arabic_MultiClass,bert-multilingual-cased-finetune,125,8,1
0.46062338846142437,1.1950830618540447,0.5629877369007804,0.5629877369007804,0.5988833888010974,0.5629877369007804,0.5584141594048715,0.5629877369007804,0.545767582746516,Arabic_MultiClass,bert-multilingual-cased-finetune,125,8,2
0.510178077327262,1.1772363914383783,0.6098104793756968,0.6098104793756968,0.6122395034684192,0.6098104793756968,0.6140809097465445,0.6098104793756968,0.6114701355187571,Arabic_MultiClass,bert-multilingual-cased-finetune,125,8,3
0.46900073433698203,1.6053796476787991,0.5763656633221851,0.5763656633221851,0.5854366880779766,0.5763656633221851,0.5757240212348572,0.5763656633221851,0.5745972773170206,Arabic_MultiClass,bert-multilingual-cased-finetune,125,8,4
0.4654195469082536,1.9031005832884047,0.5752508361204013,0.5752508361204013,0.582163671349935,0.5752508361204013,0.5726547688776791,0.5752508361204013,0.5751474527814509,Arabic_MultiClass,bert-multilingual-cased-finetune,125,8,5
0.4357745007270232,1.1956002712249756,0.5507246376811594,0.5507246376811594,0.5734075034192451,0.5507246376811594,0.5336261028830689,0.5507246376811594,0.5318351760026905,Arabic_MultiClass,bert-multilingual-cased-finetune,126,8,1
0.47109212430697933,1.0720456441243489,0.5808249721293199,0.5808249721293199,0.5883310608098455,0.5808249721293199,0.5729764527906942,0.5808249721293199,0.5770098327625643,Arabic_MultiClass,bert-multilingual-cased-finetune,126,8,2
0.4695780009027967,1.2200129959318373,0.5752508361204013,0.5752508361204013,0.582182587334748,0.5752508361204013,0.5726043248024671,0.5752508361204013,0.568200153649761,Arabic_MultiClass,bert-multilingual-cased-finetune,126,8,3
0.46996213310249174,1.5200930701361761,0.5719063545150501,0.5719063545150501,0.5850661809079658,0.5719063545150501,0.5797971213141493,0.5719063545150501,0.5718729549721892,Arabic_MultiClass,bert-multilingual-cased-finetune,126,8,4
0.46627559407466695,1.841858082347446,0.5752508361204013,0.5752508361204013,0.5767143142892758,0.5752508361204013,0.5735735337283325,0.5752508361204013,0.5731253381329856,Arabic_MultiClass,bert-multilingual-cased-finetune,126,8,5
0.4212473742422665,1.1719256507025824,0.5328874024526199,0.5328874024526199,0.57280362386201,0.5328874024526199,0.5278230818168899,0.5328874024526199,0.5199469698871108,Arabic_MultiClass,bert-multilingual-cased-finetune,127,8,1
0.46454282880721287,1.1295148928960164,0.5741360089186176,0.5741360089186176,0.573242440386138,0.5741360089186176,0.5644411638529286,0.5741360089186176,0.5619698795895627,Arabic_MultiClass,bert-multilingual-cased-finetune,127,8,2
0.4529530879018764,1.3277059925927057,0.5629877369007804,0.5629877369007804,0.5791130423880535,0.5629877369007804,0.5577646819752082,0.5629877369007804,0.5583538636819672,Arabic_MultiClass,bert-multilingual-cased-finetune,127,8,3
0.47852784144613963,1.5754339827431574,0.5841694537346711,0.5841694537346711,0.5861807462980367,0.5841694537346711,0.5825118838431532,0.5841694537346711,0.581338476239105,Arabic_MultiClass,bert-multilingual-cased-finetune,127,8,4
0.49471019054481363,1.9100032647450764,0.5986622073578596,0.5986622073578596,0.5976000251188677,0.5986622073578596,0.595610568551745,0.5986622073578596,0.5961446765161005,Arabic_MultiClass,bert-multilingual-cased-finetune,127,8,5
0.4514046876557202,1.1884072091844347,0.5618729096989966,0.5618729096989966,0.5808407102362612,0.5618729096989966,0.5533484081162101,0.5618729096989966,0.5507084879448076,Arabic_MultiClass,bert-multilingual-cased-finetune,128,8,1
0.44667066047278,1.1871809032228258,0.5518394648829431,0.5518394648829431,0.5873957878304445,0.5518394648829431,0.5571115919103535,0.5518394648829431,0.5513637386557656,Arabic_MultiClass,bert-multilingual-cased-finetune,128,8,2
0.4975870988055991,1.167146795325809,0.5997770345596433,0.5997770345596433,0.6036265245332879,0.5997770345596433,0.5978326978017381,0.5997770345596433,0.5969706693594137,Arabic_MultiClass,bert-multilingual-cased-finetune,128,8,3
0.5026385025841691,1.4427714215384588,0.6064659977703456,0.6064659977703456,0.6203992358788554,0.6064659977703456,0.5916533649970183,0.6064659977703456,0.5999426090608919,Arabic_MultiClass,bert-multilingual-cased-finetune,128,8,4
0.49854866931150305,1.7898609638214111,0.600891861761427,0.600891861761427,0.6030433006265223,0.600891861761427,0.5993579470669254,0.600891861761427,0.5990032323474148,Arabic_MultiClass,bert-multilingual-cased-finetune,128,8,5
0.3837141329492611,1.2374940713246663,0.5072463768115942,0.5072463768115942,0.5215346807935589,0.5072463768115942,0.48766141639206645,0.5072463768115942,0.47482288577463844,Arabic_MultiClass,bert-multilingual-cased-finetune,129,8,1
0.4627440589569733,1.1070588893360562,0.5730211817168339,0.5730211817168339,0.5818144757406043,0.5730211817168339,0.5575200056314609,0.5730211817168339,0.5570497580683916,Arabic_MultiClass,bert-multilingual-cased-finetune,129,8,2
0.48838708196926606,1.2197459008958604,0.5897435897435898,0.5897435897435898,0.5966481505538782,0.5897435897435898,0.5935124908189924,0.5897435897435898,0.5892175914635506,Arabic_MultiClass,bert-multilingual-cased-finetune,129,8,3
0.49868454881954855,1.3586309221055772,0.5986622073578596,0.5986622073578596,0.594005777716735,0.5986622073578596,0.6034808935428131,0.5986622073578596,0.5951760027379096,Arabic_MultiClass,bert-multilingual-cased-finetune,129,8,4
0.49525902335210603,1.7334256437089708,0.5986622073578596,0.5986622073578596,0.5953256574722543,0.5986622073578596,0.5939440944704103,0.5986622073578596,0.5939892754611973,Arabic_MultiClass,bert-multilingual-cased-finetune,129,8,5
0.4077986739950912,1.1944361991352506,0.5261984392419174,0.5261984392419174,0.534546828089147,0.5261984392419174,0.5141555531648411,0.5261984392419174,0.5019218574969087,Arabic_MultiClass,bert-multilingual-cased-finetune,130,8,1
0.46421552277073924,1.1099852985805936,0.5752508361204013,0.5752508361204013,0.5776521213061782,0.5752508361204013,0.563698156360695,0.5752508361204013,0.567509962316766,Arabic_MultiClass,bert-multilingual-cased-finetune,130,8,2
0.48524733987599905,1.1717791424857245,0.5897435897435898,0.5897435897435898,0.5844397106818727,0.5897435897435898,0.5878973666280168,0.5897435897435898,0.5838345732313072,Arabic_MultiClass,bert-multilingual-cased-finetune,130,8,3
0.4878074464484802,1.478064152929518,0.5919732441471572,0.5919732441471572,0.5899331345082592,0.5919732441471572,0.5897773846380658,0.5919732441471572,0.5879583755022135,Arabic_MultiClass,bert-multilingual-cased-finetune,130,8,4
0.4891377088442016,1.8072366582022772,0.5930880713489409,0.5930880713489409,0.5935122416116204,0.5930880713489409,0.5893514655743758,0.5930880713489409,0.5892834444507131,Arabic_MultiClass,bert-multilingual-cased-finetune,130,8,5
0.40450787180661857,1.2118129862679377,0.5183946488294314,0.5183946488294314,0.5298874345932739,0.5183946488294314,0.5232474137118099,0.5183946488294314,0.511654331535923,Arabic_MultiClass,bert-multilingual-cased-finetune,131,8,1
0.49807687568728204,1.1086858709653218,0.5986622073578596,0.5986622073578596,0.6062770270307015,0.5986622073578596,0.5967581779036888,0.5986622073578596,0.5952710654918599,Arabic_MultiClass,bert-multilingual-cased-finetune,131,8,2
0.49359747665357195,1.2377476294835408,0.5964325529542921,0.5964325529542921,0.610641973277913,0.5964325529542921,0.590775136038294,0.5964325529542921,0.5942887079865288,Arabic_MultiClass,bert-multilingual-cased-finetune,131,8,3
0.4780448035973829,1.5817352930704753,0.5808249721293199,0.5808249721293199,0.5923468965102298,0.5808249721293199,0.5808875128998967,0.5808249721293199,0.5778557789024026,Arabic_MultiClass,bert-multilingual-cased-finetune,131,8,4
0.5042706829139078,1.7985876533720229,0.6053511705685619,0.6053511705685619,0.6071771367217605,0.6053511705685619,0.6013296224132139,0.6053511705685619,0.6014882821057079,Arabic_MultiClass,bert-multilingual-cased-finetune,131,8,5
0.3172320127597838,1.4401638507843018,0.42251950947603123,0.42251950947603123,0.5612833461382668,0.42251950947603123,0.43337511770948306,0.42251950947603123,0.35957692805744845,Arabic_MultiClass,bert-multilingual-cased-finetune,132,8,1
0.44902500416715985,1.1634736326005723,0.5596432552954292,0.5596432552954292,0.5853943926268906,0.5596432552954292,0.5489489091037079,0.5596432552954292,0.5489073854333497,Arabic_MultiClass,bert-multilingual-cased-finetune,132,8,2
0.48144079226390124,1.1424413522084553,0.5897435897435898,0.5897435897435898,0.5999741485339231,0.5897435897435898,0.5775576062572967,0.5897435897435898,0.5836690799360846,Arabic_MultiClass,bert-multilingual-cased-finetune,132,8,3
0.49915719402343195,1.4774391916063097,0.6020066889632107,0.6020066889632107,0.6172849024269669,0.6020066889632107,0.5967414030571925,0.6020066889632107,0.6033729780816296,Arabic_MultiClass,bert-multilingual-cased-finetune,132,8,4
0.4812816313447544,1.7919263574812148,0.5875139353400223,0.5875139353400223,0.5930217757513372,0.5875139353400223,0.582548979762602,0.5875139353400223,0.584533138081132,Arabic_MultiClass,bert-multilingual-cased-finetune,132,8,5
