mcc,accuracy,f1_score,tp,tn,fp,fn,auroc,auprc,eval_loss,acc,prec,rec,f1,data_name,model_name,seed,train_batch_size,epoch
0.841704311,0,0,804,777,127,16,0.975358839,0.965651447,0.249795448,0.917053364,0.86358754,0.980487805,0.918332381,AR_EN_DEEPL_Binary,ConfliBERT-cont-uncased,123,8,1
0.842590791,0,0,784,802,102,36,0.972625728,0.966977487,0.310308753,0.919953596,0.884875847,0.956097561,0.919109027,AR_EN_DEEPL_Binary,ConfliBERT-cont-uncased,123,8,2
0.840041566,0,0,774,811,93,46,0.969567505,0.962611749,0.406657304,0.91937355,0.892733564,0.943902439,0.917605216,AR_EN_DEEPL_Binary,ConfliBERT-cont-uncased,123,8,3
0.826129769,0,0,757,817,87,63,0.970940805,0.965001799,0.518661064,0.912993039,0.896919431,0.923170732,0.909855769,AR_EN_DEEPL_Binary,ConfliBERT-cont-uncased,123,8,4
0.840795029,0,0,771,815,89,49,0.969933089,0.9636918,0.526278092,0.919953596,0.896511628,0.940243902,0.917857143,AR_EN_DEEPL_Binary,ConfliBERT-cont-uncased,123,8,5
0.831626004,0,0,801,771,133,19,0.960310544,0.919450041,0.295998603,0.911832947,0.857601713,0.976829268,0.913340935,AR_EN_DEEPL_Binary,ConfliBERT-cont-uncased,124,8,1
0.833676545,0,0,743,838,66,77,0.960607328,0.958160294,0.334299874,0.917053364,0.9184178,0.906097561,0.912216083,AR_EN_DEEPL_Binary,ConfliBERT-cont-uncased,124,8,2
0.836748827,0,0,774,808,96,46,0.969077811,0.961713641,0.305611878,0.917633411,0.889655172,0.943902439,0.915976331,AR_EN_DEEPL_Binary,ConfliBERT-cont-uncased,124,8,3
0.82281056,0,0,768,802,102,52,0.971761008,0.964723797,0.444806996,0.910672854,0.882758621,0.936585366,0.90887574,AR_EN_DEEPL_Binary,ConfliBERT-cont-uncased,124,8,4
0.823881811,0,0,757,815,89,63,0.971501997,0.964332526,0.497268758,0.911832947,0.894799054,0.923170732,0.908763505,AR_EN_DEEPL_Binary,ConfliBERT-cont-uncased,124,8,5
0.835788768,0,0,782,798,106,38,0.97022043,0.963045436,0.318168237,0.916473318,0.880630631,0.953658537,0.915690867,AR_EN_DEEPL_Binary,ConfliBERT-cont-uncased,125,8,1
0.835498535,0,0,762,820,84,58,0.974229711,0.964340763,0.297668954,0.917633411,0.90070922,0.929268293,0.914765906,AR_EN_DEEPL_Binary,ConfliBERT-cont-uncased,125,8,2
0.836130347,0,0,753,830,74,67,0.972694528,0.962736651,0.342425945,0.918213457,0.910519952,0.918292683,0.9143898,AR_EN_DEEPL_Binary,ConfliBERT-cont-uncased,125,8,3
0.826910325,0,0,751,824,80,69,0.97162071,0.964374834,0.519900132,0.913573086,0.903730445,0.915853659,0.909751666,AR_EN_DEEPL_Binary,ConfliBERT-cont-uncased,125,8,4
0.830287952,0,0,766,811,93,54,0.969885873,0.96294758,0.539704647,0.914733179,0.891734575,0.934146341,0.912447886,AR_EN_DEEPL_Binary,ConfliBERT-cont-uncased,125,8,5
0.827186839,0,0,756,819,85,64,0.970289229,0.956229304,0.234228034,0.913573086,0.898929845,0.92195122,0.910295003,AR_EN_DEEPL_Binary,ConfliBERT-cont-uncased,126,8,1
0.830931489,0,0,761,817,87,59,0.966240827,0.94757538,0.348062103,0.915313225,0.89740566,0.92804878,0.912470024,AR_EN_DEEPL_Binary,ConfliBERT-cont-uncased,126,8,2
0.827727588,0,0,772,802,102,48,0.96862589,0.959803174,0.489151359,0.912993039,0.883295195,0.941463415,0.911452184,AR_EN_DEEPL_Binary,ConfliBERT-cont-uncased,126,8,3
0.8243133,0,0,771,800,104,49,0.96925858,0.962970439,0.483565812,0.9112529,0.881142857,0.940243902,0.909734513,AR_EN_DEEPL_Binary,ConfliBERT-cont-uncased,126,8,4
0.827860723,0,0,764,811,93,56,0.969506799,0.963241002,0.57415786,0.913573086,0.891481914,0.931707317,0.911150865,AR_EN_DEEPL_Binary,ConfliBERT-cont-uncased,126,8,5
0.83839735,0,0,778,805,99,42,0.966920057,0.959544945,0.277549963,0.918213457,0.887115165,0.948780488,0.916912198,AR_EN_DEEPL_Binary,ConfliBERT-cont-uncased,127,8,1
0.836028939,0,0,749,834,70,71,0.973068206,0.962102107,0.295975765,0.918213457,0.914529915,0.913414634,0.913971934,AR_EN_DEEPL_Binary,ConfliBERT-cont-uncased,127,8,2
0.822415031,0,0,752,819,85,68,0.974100205,0.968139241,0.329021392,0.9112529,0.898446834,0.917073171,0.907664454,AR_EN_DEEPL_Binary,ConfliBERT-cont-uncased,127,8,3
0.830287952,0,0,766,811,93,54,0.973126889,0.966963351,0.387705456,0.914733179,0.891734575,0.934146341,0.912447886,AR_EN_DEEPL_Binary,ConfliBERT-cont-uncased,127,8,4
0.829073786,0,0,765,811,93,55,0.971863533,0.963509055,0.467689227,0.914153132,0.891608392,0.932926829,0.911799762,AR_EN_DEEPL_Binary,ConfliBERT-cont-uncased,127,8,5
0.833678936,0,0,746,835,69,74,0.971481761,0.963198438,0.265486122,0.917053364,0.915337423,0.909756098,0.912538226,AR_EN_DEEPL_Binary,ConfliBERT-cont-uncased,128,8,1
0.827402994,0,0,777,796,108,43,0.971398122,0.964176615,0.382218698,0.912412993,0.877966102,0.947560976,0.91143695,AR_EN_DEEPL_Binary,ConfliBERT-cont-uncased,128,8,2
0.838252553,0,0,777,806,98,43,0.973151845,0.966907951,0.417570902,0.918213457,0.888,0.947560976,0.916814159,AR_EN_DEEPL_Binary,ConfliBERT-cont-uncased,128,8,3
0.830421266,0,0,782,793,111,38,0.966789877,0.939967043,0.443315089,0.913573086,0.875699888,0.953658537,0.913018097,AR_EN_DEEPL_Binary,ConfliBERT-cont-uncased,128,8,4
0.821811779,0,0,759,811,93,61,0.965159589,0.955227989,0.534203018,0.910672854,0.89084507,0.925609756,0.907894737,AR_EN_DEEPL_Binary,ConfliBERT-cont-uncased,128,8,5
0.821307565,0,0,779,788,116,41,0.968267052,0.957072903,0.351291697,0.908932715,0.870391061,0.95,0.90845481,AR_EN_DEEPL_Binary,ConfliBERT-cont-uncased,129,8,1
0.835498535,0,0,762,820,84,58,0.972834826,0.966339638,0.320029936,0.917633411,0.90070922,0.929268293,0.914765906,AR_EN_DEEPL_Binary,ConfliBERT-cont-uncased,129,8,2
0.841862186,0,0,786,799,105,34,0.972670246,0.963324438,0.354844627,0.91937355,0.882154882,0.958536585,0.918760959,AR_EN_DEEPL_Binary,ConfliBERT-cont-uncased,129,8,3
0.825528979,0,0,740,834,70,80,0.97350259,0.966955869,0.4508596,0.912993039,0.913580247,0.902439024,0.90797546,AR_EN_DEEPL_Binary,ConfliBERT-cont-uncased,129,8,4
0.833338771,0,0,763,817,87,57,0.972817289,0.964991564,0.499360869,0.916473318,0.897647059,0.930487805,0.913772455,AR_EN_DEEPL_Binary,ConfliBERT-cont-uncased,129,8,5
0.842386517,0,0,794,790,114,26,0.969255882,0.954758844,0.271770474,0.918793503,0.874449339,0.968292683,0.918981481,AR_EN_DEEPL_Binary,ConfliBERT-cont-uncased,130,8,1
0.841115065,0,0,793,790,114,27,0.974502212,0.966891344,0.271604389,0.918213457,0.874310915,0.967073171,0.91835553,AR_EN_DEEPL_Binary,ConfliBERT-cont-uncased,130,8,2
0.836867168,0,0,765,818,86,55,0.972819987,0.967377792,0.333091948,0.918213457,0.898942421,0.932926829,0.91561939,AR_EN_DEEPL_Binary,ConfliBERT-cont-uncased,130,8,3
0.835940761,0,0,767,815,89,53,0.972841571,0.967286922,0.447925658,0.917633411,0.896028037,0.935365854,0.915274463,AR_EN_DEEPL_Binary,ConfliBERT-cont-uncased,130,8,4
0.837901242,0,0,764,820,84,56,0.972442262,0.967316615,0.49977588,0.918793503,0.900943396,0.931707317,0.916067146,AR_EN_DEEPL_Binary,ConfliBERT-cont-uncased,130,8,5
0.844933323,0,0,796,790,114,24,0.974981114,0.967243619,0.234577378,0.919953596,0.874725275,0.970731707,0.920231214,AR_EN_DEEPL_Binary,ConfliBERT-cont-uncased,131,8,1
0.837953659,0,0,793,787,117,27,0.974015217,0.966739383,0.230606405,0.916473318,0.871428571,0.967073171,0.916763006,AR_EN_DEEPL_Binary,ConfliBERT-cont-uncased,131,8,2
0.839620411,0,0,800,780,124,20,0.974928502,0.968103478,0.355124639,0.916473318,0.865800866,0.975609756,0.917431193,AR_EN_DEEPL_Binary,ConfliBERT-cont-uncased,131,8,3
0.834425783,0,0,773,807,97,47,0.973615908,0.966930389,0.401826248,0.916473318,0.888505747,0.942682927,0.914792899,AR_EN_DEEPL_Binary,ConfliBERT-cont-uncased,131,8,4
0.82479886,0,0,754,819,85,66,0.973325869,0.96616503,0.499459225,0.912412993,0.898688915,0.919512195,0.908981314,AR_EN_DEEPL_Binary,ConfliBERT-cont-uncased,131,8,5
0.83052067,0,0,755,823,81,65,0.970611645,0.960984385,0.290296119,0.915313225,0.903110048,0.920731707,0.911835749,AR_EN_DEEPL_Binary,ConfliBERT-cont-uncased,132,8,1
0.844367955,0,0,788,799,105,32,0.972436866,0.964574763,0.340267289,0.920533643,0.882418813,0.96097561,0.920023351,AR_EN_DEEPL_Binary,ConfliBERT-cont-uncased,132,8,2
0.845259497,0,0,787,801,103,33,0.971356303,0.964746238,0.377200165,0.921113689,0.884269663,0.959756098,0.920467836,AR_EN_DEEPL_Binary,ConfliBERT-cont-uncased,132,8,3
0.834425783,0,0,773,807,97,47,0.969085905,0.948837409,0.475084291,0.916473318,0.888505747,0.942682927,0.914792899,AR_EN_DEEPL_Binary,ConfliBERT-cont-uncased,132,8,4
0.838112281,0,0,776,807,97,44,0.970368821,0.956526522,0.546362105,0.918213457,0.888888889,0.946341463,0.916715889,AR_EN_DEEPL_Binary,ConfliBERT-cont-uncased,132,8,5
0.829014308,0,0,795,776,128,25,0.972904975,0.963494918,0.28925552,0.9112529,0.861321777,0.969512195,0.91222031,AR_EN_DEEPL_Binary,ConfliBERT-cont-cased,123,8,1
0.84763495,0,0,750,843,61,70,0.978735431,0.974075304,0.263548185,0.924013921,0.924784217,0.914634146,0.919681177,AR_EN_DEEPL_Binary,ConfliBERT-cont-cased,123,8,2
0.845259497,0,0,787,801,103,33,0.975872815,0.969677515,0.4017277,0.921113689,0.884269663,0.959756098,0.920467836,AR_EN_DEEPL_Binary,ConfliBERT-cont-cased,123,8,3
0.855288257,0,0,789,808,96,31,0.974819232,0.967725964,0.491442787,0.926334107,0.891525424,0.962195122,0.925513196,AR_EN_DEEPL_Binary,ConfliBERT-cont-cased,123,8,4
0.846603153,0,0,782,808,96,38,0.973383877,0.962605663,0.552759617,0.922273782,0.890660592,0.953658537,0.921083628,AR_EN_DEEPL_Binary,ConfliBERT-cont-cased,123,8,5
0.780982882,0,0,667,864,40,153,0.972981869,0.966583186,0.311293505,0.888051044,0.943422914,0.813414634,0.873608382,AR_EN_DEEPL_Binary,ConfliBERT-cont-cased,124,8,1
0.866694037,0,0,785,823,81,35,0.977888247,0.973369849,0.26717513,0.932714617,0.906466513,0.957317073,0.931198102,AR_EN_DEEPL_Binary,ConfliBERT-cont-cased,124,8,2
0.85304347,0,0,771,826,78,49,0.976884578,0.971557631,0.330928563,0.926334107,0.908127208,0.940243902,0.923906531,AR_EN_DEEPL_Binary,ConfliBERT-cont-cased,124,8,3
0.845622703,0,0,789,799,105,31,0.971156648,0.955687466,0.514922665,0.921113689,0.882550336,0.962195122,0.920653442,AR_EN_DEEPL_Binary,ConfliBERT-cont-cased,124,8,4
0.842011396,0,0,772,815,89,48,0.971229495,0.955517965,0.57137835,0.920533643,0.896631823,0.941463415,0.918500892,AR_EN_DEEPL_Binary,ConfliBERT-cont-cased,124,8,5
0.832792017,0,0,755,825,79,65,0.974411828,0.966714109,0.343256222,0.916473318,0.905275779,0.920731707,0.912938331,AR_EN_DEEPL_Binary,ConfliBERT-cont-cased,125,8,1
0.843441181,0,0,794,791,113,26,0.973401414,0.964029452,0.329806547,0.91937355,0.875413451,0.968292683,0.919513607,AR_EN_DEEPL_Binary,ConfliBERT-cont-cased,125,8,2
0.84428556,0,0,793,793,111,27,0.975380423,0.968201112,0.416008794,0.919953596,0.877212389,0.967073171,0.919953596,AR_EN_DEEPL_Binary,ConfliBERT-cont-cased,125,8,3
0.840720647,0,0,779,806,98,41,0.974527844,0.964381702,0.432752343,0.91937355,0.888255416,0.95,0.918090748,AR_EN_DEEPL_Binary,ConfliBERT-cont-cased,125,8,4
0.84578731,0,0,776,814,90,44,0.96695041,0.938963044,0.513805515,0.922273782,0.896073903,0.946341463,0.920521945,AR_EN_DEEPL_Binary,ConfliBERT-cont-cased,125,8,5
0.830052198,0,0,799,772,132,21,0.971166091,0.9597347,0.299369947,0.9112529,0.858216971,0.974390244,0.912621359,AR_EN_DEEPL_Binary,ConfliBERT-cont-cased,126,8,1
0.833464766,0,0,781,797,107,39,0.975087686,0.969291174,0.276302126,0.915313225,0.879504505,0.952439024,0.914519906,AR_EN_DEEPL_Binary,ConfliBERT-cont-cased,126,8,2
0.836141393,0,0,784,796,108,36,0.97622221,0.970151884,0.385146208,0.916473318,0.878923767,0.956097561,0.91588785,AR_EN_DEEPL_Binary,ConfliBERT-cont-cased,126,8,3
0.845671058,0,0,783,806,98,37,0.97476662,0.966608401,0.519993734,0.921693735,0.88876277,0.954878049,0.920634921,AR_EN_DEEPL_Binary,ConfliBERT-cont-cased,126,8,4
0.84522218,0,0,780,809,95,40,0.972358623,0.95822448,0.596021323,0.921693735,0.891428571,0.951219512,0.920353982,AR_EN_DEEPL_Binary,ConfliBERT-cont-cased,126,8,5
0.841141371,0,0,774,812,92,46,0.974390244,0.966790477,0.233243776,0.919953596,0.893764434,0.943902439,0.918149466,AR_EN_DEEPL_Binary,ConfliBERT-cont-cased,127,8,1
0.848926498,0,0,783,809,95,37,0.977189456,0.97162021,0.238030615,0.923433875,0.891799544,0.954878049,0.922261484,AR_EN_DEEPL_Binary,ConfliBERT-cont-cased,127,8,2
0.830323213,0,0,800,771,133,20,0.975701489,0.969051365,0.400901255,0.9112529,0.857449089,0.975609756,0.91272105,AR_EN_DEEPL_Binary,ConfliBERT-cont-cased,127,8,3
0.843298157,0,0,788,798,106,32,0.974850259,0.966618088,0.505896702,0.919953596,0.881431767,0.96097561,0.919486581,AR_EN_DEEPL_Binary,ConfliBERT-cont-cased,127,8,4
0.847268815,0,0,779,812,92,41,0.973315077,0.961341158,0.532167294,0.922853828,0.894374282,0.95,0.921348315,AR_EN_DEEPL_Binary,ConfliBERT-cont-cased,127,8,5
0.831492688,0,0,782,794,110,38,0.971512789,0.964837382,0.287540764,0.914153132,0.876681614,0.953658537,0.913551402,AR_EN_DEEPL_Binary,ConfliBERT-cont-cased,128,8,1
0.834982733,0,0,789,789,115,31,0.975940265,0.970871533,0.26260671,0.915313225,0.872787611,0.962195122,0.915313225,AR_EN_DEEPL_Binary,ConfliBERT-cont-cased,128,8,2
0.846657289,0,0,774,817,87,46,0.971129668,0.959276583,0.340610844,0.922853828,0.898954704,0.943902439,0.920880428,AR_EN_DEEPL_Binary,ConfliBERT-cont-cased,128,8,3
0.846041006,0,0,778,812,92,42,0.970739801,0.960992125,0.499287274,0.922273782,0.894252874,0.948780488,0.920710059,AR_EN_DEEPL_Binary,ConfliBERT-cont-cased,128,8,4
0.851783426,0,0,780,815,89,40,0.967642456,0.948689911,0.549314424,0.925174014,0.897583429,0.951219512,0.923623446,AR_EN_DEEPL_Binary,ConfliBERT-cont-cased,128,8,5
0.822475088,0,0,753,818,86,67,0.972324897,0.96450289,0.235090677,0.9112529,0.89749702,0.918292683,0.907775769,AR_EN_DEEPL_Binary,ConfliBERT-cont-cased,129,8,1
0.795041908,0,0,806,728,176,14,0.969740179,0.956534772,0.543618356,0.889791183,0.820773931,0.982926829,0.894561598,AR_EN_DEEPL_Binary,ConfliBERT-cont-cased,129,8,2
0.83392522,0,0,798,777,127,22,0.976444798,0.970451475,0.378022562,0.913573086,0.862702703,0.973170732,0.914613181,AR_EN_DEEPL_Binary,ConfliBERT-cont-cased,129,8,3
0.828647718,0,0,778,796,108,42,0.974894777,0.969374183,0.451670486,0.912993039,0.878103837,0.948780488,0.912075029,AR_EN_DEEPL_Binary,ConfliBERT-cont-cased,129,8,4
0.836377022,0,0,779,802,102,41,0.974088064,0.966861465,0.531912737,0.917053364,0.884222474,0.95,0.915931805,AR_EN_DEEPL_Binary,ConfliBERT-cont-cased,129,8,5
0.82569305,0,0,773,799,105,47,0.971707047,0.965643103,0.337384557,0.911832947,0.880410023,0.942682927,0.910482921,AR_EN_DEEPL_Binary,ConfliBERT-cont-cased,130,8,1
0.835024711,0,0,754,828,76,66,0.976987103,0.972295059,0.29132965,0.917633411,0.908433735,0.919512195,0.913939394,AR_EN_DEEPL_Binary,ConfliBERT-cont-cased,130,8,2
0.854524768,0,0,775,823,81,45,0.976610727,0.970733002,0.363889191,0.926914153,0.905373832,0.945121951,0.924821002,AR_EN_DEEPL_Binary,ConfliBERT-cont-cased,130,8,3
0.837461311,0,0,779,803,101,41,0.975671811,0.969670381,0.491035158,0.917633411,0.885227273,0.95,0.916470588,AR_EN_DEEPL_Binary,ConfliBERT-cont-cased,130,8,4
0.84578731,0,0,776,814,90,44,0.974955482,0.968823677,0.535285459,0.922273782,0.896073903,0.946341463,0.920521945,AR_EN_DEEPL_Binary,ConfliBERT-cont-cased,130,8,5
0.839189328,0,0,783,800,104,37,0.973580159,0.966225365,0.272892079,0.918213457,0.882750846,0.954878049,0.917398946,AR_EN_DEEPL_Binary,ConfliBERT-cont-cased,131,8,1
0.831386465,0,0,739,840,64,81,0.978653141,0.974522527,0.296475828,0.915893271,0.920298879,0.901219512,0.910659273,AR_EN_DEEPL_Binary,ConfliBERT-cont-cased,131,8,2
0.836699349,0,0,763,820,84,57,0.976251889,0.972208532,0.36159389,0.918213457,0.900826446,0.930487805,0.915416917,AR_EN_DEEPL_Binary,ConfliBERT-cont-cased,131,8,3
0.83250669,0,0,766,813,91,54,0.974492769,0.968964843,0.459100541,0.915893271,0.893815636,0.934146341,0.913536076,AR_EN_DEEPL_Binary,ConfliBERT-cont-cased,131,8,4
0.841354352,0,0,789,795,109,31,0.971171487,0.961906428,0.556813768,0.918793503,0.878619154,0.962195122,0.918509895,AR_EN_DEEPL_Binary,ConfliBERT-cont-cased,131,8,5
0.829912988,0,0,772,804,100,48,0.97425804,0.964867723,0.351016834,0.914153132,0.885321101,0.941463415,0.912529551,AR_EN_DEEPL_Binary,ConfliBERT-cont-cased,132,8,1
0.839373888,0,0,803,776,128,17,0.973830401,0.963667656,0.380876713,0.915893271,0.862513426,0.979268293,0.917190177,AR_EN_DEEPL_Binary,ConfliBERT-cont-cased,132,8,2
0.847268815,0,0,779,812,92,41,0.978009659,0.973039681,0.343282751,0.922853828,0.894374282,0.95,0.921348315,AR_EN_DEEPL_Binary,ConfliBERT-cont-cased,132,8,3
0.838252553,0,0,777,806,98,43,0.975201004,0.967482169,0.441507291,0.918213457,0.888,0.947560976,0.916814159,AR_EN_DEEPL_Binary,ConfliBERT-cont-cased,132,8,4
0.841809263,0,0,779,807,97,41,0.974700518,0.966051052,0.514814826,0.919953596,0.889269406,0.95,0.918632075,AR_EN_DEEPL_Binary,ConfliBERT-cont-cased,132,8,5
0.831345803,0,0,743,836,68,77,0.973742715,0.965732775,0.233488899,0.915893271,0.916152898,0.906097561,0.911097486,AR_EN_DEEPL_Binary,ConfliBERT-scr-uncased,123,8,1
0.842590791,0,0,784,802,102,36,0.974816534,0.968714673,0.286767246,0.919953596,0.884875847,0.956097561,0.919109027,AR_EN_DEEPL_Binary,ConfliBERT-scr-uncased,123,8,2
0.858752489,0,0,783,818,86,37,0.975503184,0.968948961,0.363839485,0.928654292,0.901035673,0.954878049,0.927175844,AR_EN_DEEPL_Binary,ConfliBERT-scr-uncased,123,8,3
0.846455765,0,0,781,809,95,39,0.973888409,0.965237394,0.389297362,0.922273782,0.891552511,0.952439024,0.920990566,AR_EN_DEEPL_Binary,ConfliBERT-scr-uncased,123,8,4
0.847408778,0,0,787,803,101,33,0.971983596,0.961539298,0.468454676,0.922273782,0.886261261,0.959756098,0.921545667,AR_EN_DEEPL_Binary,ConfliBERT-scr-uncased,123,8,5
0.810752713,0,0,721,840,64,99,0.970565778,0.9645799,0.387315803,0.905452436,0.918471338,0.879268293,0.898442368,AR_EN_DEEPL_Binary,ConfliBERT-scr-uncased,124,8,1
0.838112281,0,0,776,807,97,44,0.97587956,0.969640609,0.306463154,0.918213457,0.888888889,0.946341463,0.916715889,AR_EN_DEEPL_Binary,ConfliBERT-scr-uncased,124,8,2
0.845438804,0,0,788,800,104,32,0.975964548,0.970009571,0.336544645,0.921113689,0.883408072,0.96097561,0.920560748,AR_EN_DEEPL_Binary,ConfliBERT-scr-uncased,124,8,3
0.850302097,0,0,764,831,73,56,0.975571984,0.9697246,0.425029135,0.925174014,0.912783751,0.931707317,0.922148461,AR_EN_DEEPL_Binary,ConfliBERT-scr-uncased,124,8,4
0.860708149,0,0,781,822,82,39,0.976197928,0.969876834,0.464411178,0.929814385,0.904982619,0.952439024,0.928104575,AR_EN_DEEPL_Binary,ConfliBERT-scr-uncased,124,8,5
0.843659268,0,0,795,790,114,25,0.971582938,0.961155165,0.227665438,0.91937355,0.874587459,0.969512195,0.919606709,AR_EN_DEEPL_Binary,ConfliBERT-scr-uncased,125,8,1
0.838340995,0,0,749,836,68,71,0.976230304,0.971245485,0.304654784,0.91937355,0.916768666,0.913414634,0.915088577,AR_EN_DEEPL_Binary,ConfliBERT-scr-uncased,125,8,2
0.849980513,0,0,774,820,84,46,0.97601716,0.970109057,0.369243722,0.924593968,0.902097902,0.943902439,0.922526818,AR_EN_DEEPL_Binary,ConfliBERT-scr-uncased,125,8,3
0.844565255,0,0,775,814,90,45,0.975605709,0.97037077,0.471326307,0.921693735,0.895953757,0.945121951,0.919881306,AR_EN_DEEPL_Binary,ConfliBERT-scr-uncased,125,8,4
0.85331414,0,0,774,823,81,46,0.974525146,0.966154906,0.47773497,0.926334107,0.905263158,0.943902439,0.924179104,AR_EN_DEEPL_Binary,ConfliBERT-scr-uncased,125,8,5
0.836042695,0,0,768,814,90,52,0.969586391,0.956682777,0.289465403,0.917633411,0.895104895,0.936585366,0.915375447,AR_EN_DEEPL_Binary,ConfliBERT-scr-uncased,126,8,1
0.843717961,0,0,777,811,93,43,0.973458073,0.967378106,0.311883542,0.921113689,0.893103448,0.947560976,0.919526627,AR_EN_DEEPL_Binary,ConfliBERT-scr-uncased,126,8,2
0.837845298,0,0,774,809,95,46,0.974778761,0.96916932,0.345439836,0.918213457,0.890678941,0.943902439,0.91651865,AR_EN_DEEPL_Binary,ConfliBERT-scr-uncased,126,8,3
0.827595032,0,0,789,782,122,31,0.972297917,0.965727592,0.482298008,0.9112529,0.866081229,0.962195122,0.911611785,AR_EN_DEEPL_Binary,ConfliBERT-scr-uncased,126,8,4
0.831427461,0,0,775,802,102,45,0.973530919,0.967425791,0.50475324,0.914733179,0.883694413,0.945121951,0.913376547,AR_EN_DEEPL_Binary,ConfliBERT-scr-uncased,126,8,5
0.827740926,0,0,779,794,110,41,0.974057036,0.966592004,0.24084864,0.912412993,0.876265467,0.95,0.911644236,AR_EN_DEEPL_Binary,ConfliBERT-scr-uncased,127,8,1
0.813589069,0,0,704,858,46,116,0.970966436,0.965129703,0.416894981,0.906032483,0.938666667,0.858536585,0.896815287,AR_EN_DEEPL_Binary,ConfliBERT-scr-uncased,127,8,2
0.82649276,0,0,778,794,110,42,0.968627239,0.958988702,0.374623595,0.911832947,0.876126126,0.948780488,0.911007026,AR_EN_DEEPL_Binary,ConfliBERT-scr-uncased,127,8,3
0.843750635,0,0,767,822,82,53,0.975128157,0.970343358,0.469137481,0.921693735,0.903415783,0.935365854,0.919113241,AR_EN_DEEPL_Binary,ConfliBERT-scr-uncased,127,8,4
0.844945744,0,0,778,811,93,42,0.973953162,0.967441715,0.532908538,0.921693735,0.893226177,0.948780488,0.920165582,AR_EN_DEEPL_Binary,ConfliBERT-scr-uncased,127,8,5
0.851159228,0,0,790,803,101,30,0.97201867,0.966773778,0.255996033,0.924013921,0.88664422,0.963414634,0.923436587,AR_EN_DEEPL_Binary,ConfliBERT-scr-uncased,128,8,1
0.845829825,0,0,784,805,99,36,0.96185382,0.921299147,0.336610332,0.921693735,0.88788222,0.956097561,0.920728127,AR_EN_DEEPL_Binary,ConfliBERT-scr-uncased,128,8,2
0.840101671,0,0,782,802,102,38,0.976177693,0.970804345,0.387630447,0.918793503,0.884615385,0.953658537,0.917840376,AR_EN_DEEPL_Binary,ConfliBERT-scr-uncased,128,8,3
0.837052992,0,0,767,816,88,53,0.974587201,0.96844202,0.405990154,0.918213457,0.897076023,0.935365854,0.915820896,AR_EN_DEEPL_Binary,ConfliBERT-scr-uncased,128,8,4
0.838252553,0,0,777,806,98,43,0.97403815,0.968117764,0.474090933,0.918213457,0.888,0.947560976,0.916814159,AR_EN_DEEPL_Binary,ConfliBERT-scr-uncased,128,8,5
0.844577937,0,0,799,786,118,21,0.970776225,0.958914371,0.33261086,0.91937355,0.87131952,0.974390244,0.919976972,AR_EN_DEEPL_Binary,ConfliBERT-scr-uncased,129,8,1
0.829104165,0,0,774,801,103,46,0.971037934,0.96300577,0.266226969,0.913573086,0.882554162,0.943902439,0.912197996,AR_EN_DEEPL_Binary,ConfliBERT-scr-uncased,129,8,2
0.83832944,0,0,799,780,124,21,0.971820365,0.959894227,0.451228304,0.915893271,0.865655471,0.974390244,0.916810098,AR_EN_DEEPL_Binary,ConfliBERT-scr-uncased,129,8,3
0.83968845,0,0,771,814,90,49,0.970777574,0.954345951,0.443611671,0.91937355,0.895470383,0.940243902,0.917311124,AR_EN_DEEPL_Binary,ConfliBERT-scr-uncased,129,8,4
0.839940945,0,0,781,803,101,39,0.966855979,0.946762676,0.471196689,0.918793503,0.885487528,0.952439024,0.917743831,AR_EN_DEEPL_Binary,ConfliBERT-scr-uncased,129,8,5
0.813084981,0,0,722,841,63,98,0.967697766,0.952504014,0.343099337,0.906612529,0.919745223,0.880487805,0.899688474,AR_EN_DEEPL_Binary,ConfliBERT-scr-uncased,130,8,1
0.855990197,0,0,793,804,100,27,0.971719188,0.965055023,0.307519656,0.926334107,0.888017917,0.967073171,0.925861062,AR_EN_DEEPL_Binary,ConfliBERT-scr-uncased,130,8,2
0.854920891,0,0,793,803,101,27,0.969639003,0.954903485,0.37962306,0.92575406,0.887024609,0.967073171,0.925320887,AR_EN_DEEPL_Binary,ConfliBERT-scr-uncased,130,8,3
0.835940761,0,0,767,815,89,53,0.976064375,0.969778382,0.3618015,0.917633411,0.896028037,0.935365854,0.915274463,AR_EN_DEEPL_Binary,ConfliBERT-scr-uncased,130,8,4
0.851914958,0,0,781,814,90,39,0.974964926,0.968110788,0.408515765,0.925174014,0.896670494,0.952439024,0.923713779,AR_EN_DEEPL_Binary,ConfliBERT-scr-uncased,130,8,5
0.833638641,0,0,782,796,108,38,0.974088064,0.965647529,0.321209045,0.915313225,0.878651685,0.953658537,0.914619883,AR_EN_DEEPL_Binary,ConfliBERT-scr-uncased,131,8,1
0.843298157,0,0,788,798,106,32,0.975346698,0.967241826,0.302530696,0.919953596,0.881431767,0.96097561,0.919486581,AR_EN_DEEPL_Binary,ConfliBERT-scr-uncased,131,8,2
0.835137859,0,0,778,802,102,42,0.974688377,0.965812468,0.393621186,0.916473318,0.884090909,0.948780488,0.915294118,AR_EN_DEEPL_Binary,ConfliBERT-scr-uncased,131,8,3
0.845993169,0,0,785,804,100,35,0.973968676,0.966192713,0.478728763,0.921693735,0.88700565,0.957317073,0.920821114,AR_EN_DEEPL_Binary,ConfliBERT-scr-uncased,131,8,4
0.847268815,0,0,779,812,92,41,0.969860242,0.950814585,0.533172543,0.922853828,0.894374282,0.95,0.921348315,AR_EN_DEEPL_Binary,ConfliBERT-scr-uncased,131,8,5
0.845139925,0,0,792,795,109,28,0.974318746,0.96665959,0.272858179,0.920533643,0.879023307,0.965853659,0.920395119,AR_EN_DEEPL_Binary,ConfliBERT-scr-uncased,132,8,1
0.843073488,0,0,755,834,70,65,0.976069771,0.971005941,0.240565034,0.921693735,0.915151515,0.920731707,0.917933131,AR_EN_DEEPL_Binary,ConfliBERT-scr-uncased,132,8,2
0.852056782,0,0,789,805,99,31,0.972778167,0.963926827,0.387777252,0.924593968,0.888513514,0.962195122,0.923887588,AR_EN_DEEPL_Binary,ConfliBERT-scr-uncased,132,8,3
0.835838622,0,0,788,791,113,32,0.968852525,0.959236317,0.480723204,0.915893271,0.874583796,0.96097561,0.915746659,AR_EN_DEEPL_Binary,ConfliBERT-scr-uncased,132,8,4
0.846444593,0,0,772,819,85,48,0.972192694,0.962254604,0.551198426,0.922853828,0.900816803,0.941463415,0.920691711,AR_EN_DEEPL_Binary,ConfliBERT-scr-uncased,132,8,5
0.800471944,0,0,713,839,65,107,0.970173214,0.964464662,0.254609976,0.900232019,0.916452442,0.869512195,0.892365457,AR_EN_DEEPL_Binary,ConfliBERT-scr-cased,123,8,1
0.839376013,0,0,768,817,87,52,0.973436488,0.968653577,0.294559957,0.91937355,0.898245614,0.936585366,0.917014925,AR_EN_DEEPL_Binary,ConfliBERT-scr-cased,123,8,2
0.851534131,0,0,778,817,87,42,0.974531891,0.966786657,0.370585203,0.925174014,0.899421965,0.948780488,0.923442136,AR_EN_DEEPL_Binary,ConfliBERT-scr-cased,123,8,3
0.837162761,0,0,777,805,99,43,0.9736955,0.96709568,0.444177872,0.917633411,0.886986301,0.947560976,0.916273585,AR_EN_DEEPL_Binary,ConfliBERT-scr-cased,123,8,4
0.837617375,0,0,780,802,102,40,0.968675804,0.944911674,0.493607121,0.917633411,0.884353741,0.951219512,0.916568743,AR_EN_DEEPL_Binary,ConfliBERT-scr-cased,123,8,5
0.761742076,0,0,675,842,62,145,0.969713199,0.958555058,0.491397347,0.879930394,0.91587517,0.823170732,0.867052023,AR_EN_DEEPL_Binary,ConfliBERT-scr-cased,124,8,1
0.828005612,0,0,786,786,118,34,0.972675642,0.964511312,0.347488511,0.911832947,0.869469027,0.958536585,0.911832947,AR_EN_DEEPL_Binary,ConfliBERT-scr-cased,124,8,2
0.831164118,0,0,803,768,136,17,0.975451921,0.970125857,0.370064872,0.9112529,0.855165069,0.979268293,0.913018761,AR_EN_DEEPL_Binary,ConfliBERT-scr-cased,124,8,3
0.828428962,0,0,788,784,120,32,0.973445931,0.96788126,0.513027366,0.911832947,0.86784141,0.96097561,0.912037037,AR_EN_DEEPL_Binary,ConfliBERT-scr-cased,124,8,4
0.842590791,0,0,784,802,102,36,0.969755018,0.949383153,0.537442009,0.919953596,0.884875847,0.956097561,0.919109027,AR_EN_DEEPL_Binary,ConfliBERT-scr-cased,124,8,5
0.824419636,0,0,745,828,76,75,0.970277088,0.962929847,0.268107822,0.912412993,0.907429963,0.908536585,0.907982937,AR_EN_DEEPL_Binary,ConfliBERT-scr-cased,125,8,1
0.843750635,0,0,767,822,82,53,0.973843217,0.968125719,0.337873255,0.921693735,0.903415783,0.935365854,0.919113241,AR_EN_DEEPL_Binary,ConfliBERT-scr-cased,125,8,2
0.844565255,0,0,775,814,90,45,0.973826354,0.968652631,0.35969568,0.921693735,0.895953757,0.945121951,0.919881306,AR_EN_DEEPL_Binary,ConfliBERT-scr-cased,125,8,3
0.834298795,0,0,761,820,84,59,0.971756961,0.963616729,0.496978559,0.917053364,0.900591716,0.92804878,0.914114114,AR_EN_DEEPL_Binary,ConfliBERT-scr-cased,125,8,4
0.835522277,0,0,773,808,96,47,0.971790686,0.962540606,0.568048466,0.917053364,0.889528193,0.942682927,0.915334517,AR_EN_DEEPL_Binary,ConfliBERT-scr-cased,125,8,5
0.833672824,0,0,744,837,67,76,0.971944474,0.962312623,0.313622853,0.917053364,0.917385943,0.907317073,0.912323728,AR_EN_DEEPL_Binary,ConfliBERT-scr-cased,126,8,1
0.842614944,0,0,790,795,109,30,0.975167278,0.967240301,0.323684881,0.91937355,0.878754171,0.963414634,0.919139034,AR_EN_DEEPL_Binary,ConfliBERT-scr-cased,126,8,2
0.852201768,0,0,774,822,82,46,0.974316048,0.968308518,0.369235654,0.92575406,0.904205607,0.943902439,0.923627685,AR_EN_DEEPL_Binary,ConfliBERT-scr-cased,126,8,3
0.850640713,0,0,787,806,98,33,0.973947766,0.966515337,0.435020299,0.924013921,0.889265537,0.959756098,0.923167155,AR_EN_DEEPL_Binary,ConfliBERT-scr-cased,126,8,4
0.845911879,0,0,777,813,91,43,0.973045273,0.966425643,0.507037413,0.922273782,0.89516129,0.947560976,0.920616114,AR_EN_DEEPL_Binary,ConfliBERT-scr-cased,126,8,5
0.824738953,0,0,753,820,84,67,0.974201381,0.967710462,0.271609338,0.912412993,0.899641577,0.918292683,0.908871454,AR_EN_DEEPL_Binary,ConfliBERT-scr-cased,127,8,1
0.831805548,0,0,729,850,54,91,0.974303907,0.96754035,0.306628181,0.915893271,0.931034483,0.88902439,0.909544604,AR_EN_DEEPL_Binary,ConfliBERT-scr-cased,127,8,2
0.839904755,0,0,787,796,108,33,0.974584502,0.96773453,0.358694821,0.918213457,0.879329609,0.959756098,0.917784257,AR_EN_DEEPL_Binary,ConfliBERT-scr-cased,127,8,3
0.83688229,0,0,775,807,97,45,0.973992284,0.966692084,0.491025791,0.917633411,0.888761468,0.945121951,0.91607565,AR_EN_DEEPL_Binary,ConfliBERT-scr-cased,127,8,4
0.844945744,0,0,778,811,93,42,0.97274714,0.956806621,0.564116461,0.921693735,0.893226177,0.948780488,0.920165582,AR_EN_DEEPL_Binary,ConfliBERT-scr-cased,127,8,5
0.821512059,0,0,774,794,110,46,0.971287503,0.963598492,0.257698235,0.909512761,0.875565611,0.943902439,0.908450704,AR_EN_DEEPL_Binary,ConfliBERT-scr-cased,128,8,1
0.838576031,0,0,791,790,114,29,0.969013058,0.950151278,0.329748267,0.917053364,0.874033149,0.964634146,0.917101449,AR_EN_DEEPL_Binary,ConfliBERT-scr-cased,128,8,2
0.843534066,0,0,799,785,119,21,0.972328945,0.954344222,0.413168577,0.918793503,0.87037037,0.974390244,0.919447641,AR_EN_DEEPL_Binary,ConfliBERT-scr-cased,128,8,3
0.843389035,0,0,762,827,77,58,0.974070527,0.967046285,0.422539182,0.921693735,0.908224076,0.929268293,0.918625678,AR_EN_DEEPL_Binary,ConfliBERT-scr-cased,128,8,4
0.84578731,0,0,776,814,90,44,0.973687406,0.960258571,0.523674299,0.922273782,0.896073903,0.946341463,0.920521945,AR_EN_DEEPL_Binary,ConfliBERT-scr-cased,128,8,5
0.842013959,0,0,797,786,118,23,0.968097075,0.948899853,0.349794067,0.918213457,0.871038251,0.97195122,0.918731988,AR_EN_DEEPL_Binary,ConfliBERT-scr-cased,129,8,1
0.842812459,0,0,769,819,85,51,0.974852957,0.968900686,0.283679532,0.921113689,0.900468384,0.937804878,0.918757467,AR_EN_DEEPL_Binary,ConfliBERT-scr-cased,129,8,2
0.852880882,0,0,780,816,88,40,0.973958558,0.967427911,0.378882742,0.92575406,0.898617512,0.951219512,0.924170616,AR_EN_DEEPL_Binary,ConfliBERT-scr-cased,129,8,3
0.837461311,0,0,779,803,101,41,0.973486402,0.964517696,0.453804151,0.917633411,0.885227273,0.95,0.916470588,AR_EN_DEEPL_Binary,ConfliBERT-scr-cased,129,8,4
0.841021395,0,0,773,813,91,47,0.972724207,0.960630794,0.522299585,0.919953596,0.894675926,0.942682927,0.918052257,AR_EN_DEEPL_Binary,ConfliBERT-scr-cased,129,8,5
0.830577965,0,0,756,822,82,64,0.975580078,0.969428867,0.276050414,0.915313225,0.902147971,0.92195122,0.911942099,AR_EN_DEEPL_Binary,ConfliBERT-scr-cased,130,8,1
0.820730507,0,0,795,768,136,25,0.970842327,0.962525646,0.332772775,0.906612529,0.853920516,0.969512195,0.908052541,AR_EN_DEEPL_Binary,ConfliBERT-scr-cased,130,8,2
0.846404326,0,0,793,795,109,27,0.973119469,0.964760793,0.425039697,0.921113689,0.879157428,0.967073171,0.921022067,AR_EN_DEEPL_Binary,ConfliBERT-scr-cased,130,8,3
0.844647387,0,0,764,826,78,56,0.971376538,0.962740424,0.508756881,0.922273782,0.90736342,0.931707317,0.919374248,AR_EN_DEEPL_Binary,ConfliBERT-scr-cased,130,8,4
0.847874783,0,0,775,817,87,45,0.970367472,0.961736768,0.537845405,0.923433875,0.899071926,0.945121951,0.921521998,AR_EN_DEEPL_Binary,ConfliBERT-scr-cased,130,8,5
0.833752412,0,0,793,783,121,27,0.972072631,0.959597788,0.34742089,0.914153132,0.86761488,0.967073171,0.914648212,AR_EN_DEEPL_Binary,ConfliBERT-scr-cased,131,8,1
0.842898971,0,0,779,808,96,41,0.973026387,0.963662591,0.298065956,0.920533643,0.890285714,0.95,0.919174041,AR_EN_DEEPL_Binary,ConfliBERT-scr-cased,131,8,2
0.837580106,0,0,786,795,109,34,0.971661181,0.962466052,0.42313593,0.917053364,0.878212291,0.958536585,0.916618076,AR_EN_DEEPL_Binary,ConfliBERT-scr-cased,131,8,3
0.841427426,0,0,766,821,83,54,0.973327218,0.965543223,0.511143605,0.920533643,0.902237927,0.934146341,0.917914919,AR_EN_DEEPL_Binary,ConfliBERT-scr-cased,131,8,4
0.837365504,0,0,770,813,91,50,0.971709745,0.962103522,0.559389443,0.918213457,0.894308943,0.93902439,0.916121356,AR_EN_DEEPL_Binary,ConfliBERT-scr-cased,131,8,5
0.810099522,0,0,812,735,169,8,0.974440158,0.96678179,0.381054074,0.897331787,0.827726809,0.990243902,0.901721266,AR_EN_DEEPL_Binary,ConfliBERT-scr-cased,132,8,1
0.85376069,0,0,765,833,71,55,0.978198521,0.973634199,0.25316283,0.926914153,0.91507177,0.932926829,0.923913043,AR_EN_DEEPL_Binary,ConfliBERT-scr-cased,132,8,2
0.834379433,0,0,786,792,112,34,0.9732827,0.967442934,0.4480191,0.915313225,0.875278396,0.958536585,0.915017462,AR_EN_DEEPL_Binary,ConfliBERT-scr-cased,132,8,3
0.842108213,0,0,781,805,99,39,0.971549212,0.964593104,0.429889296,0.919953596,0.8875,0.952439024,0.918823529,AR_EN_DEEPL_Binary,ConfliBERT-scr-cased,132,8,4
0.850820896,0,0,781,813,91,39,0.969494658,0.948617232,0.519688843,0.924593968,0.895642202,0.952439024,0.923167849,AR_EN_DEEPL_Binary,ConfliBERT-scr-cased,132,8,5
0.810196275,0,0,754,806,98,66,0.961176613,0.947548849,0.314988427,0.90487239,0.884976526,0.919512195,0.901913876,AR_EN_DEEPL_Binary,bert-multilingual-uncased-finetune,123,8,1
0.824356743,0,0,793,774,130,27,0.909144992,0.783163255,0.363467003,0.908932715,0.85915493,0.967073171,0.909925416,AR_EN_DEEPL_Binary,bert-multilingual-uncased-finetune,123,8,2
0.835267187,0,0,795,782,122,25,0.967011116,0.955206559,0.291439704,0.914733179,0.86695747,0.969512195,0.91537133,AR_EN_DEEPL_Binary,bert-multilingual-uncased-finetune,123,8,3
0.841809263,0,0,779,807,97,41,0.971839251,0.960985671,0.274015468,0.919953596,0.889269406,0.95,0.918632075,AR_EN_DEEPL_Binary,bert-multilingual-uncased-finetune,123,8,4
0.855629945,0,0,791,806,98,29,0.971426452,0.954318776,0.305063601,0.926334107,0.88976378,0.964634146,0.925687537,AR_EN_DEEPL_Binary,bert-multilingual-uncased-finetune,123,8,5
0.802861834,0,0,786,762,142,34,0.956350502,0.925605459,0.325353331,0.897911833,0.846982759,0.958536585,0.899313501,AR_EN_DEEPL_Binary,bert-multilingual-uncased-finetune,124,8,1
0.841345942,0,0,765,822,82,55,0.971926937,0.960139721,0.284068983,0.920533643,0.903187721,0.932926829,0.917816437,AR_EN_DEEPL_Binary,bert-multilingual-uncased-finetune,124,8,2
0.84534443,0,0,793,794,110,27,0.971367769,0.95922148,0.285415863,0.920533643,0.878183832,0.967073171,0.920487522,AR_EN_DEEPL_Binary,bert-multilingual-uncased-finetune,124,8,3
0.843588878,0,0,776,812,92,44,0.972265541,0.963527151,0.393351034,0.921113689,0.894009217,0.946341463,0.91943128,AR_EN_DEEPL_Binary,bert-multilingual-uncased-finetune,124,8,4
0.843717961,0,0,777,811,93,43,0.971578891,0.961840993,0.440114381,0.921113689,0.893103448,0.947560976,0.919526627,AR_EN_DEEPL_Binary,bert-multilingual-uncased-finetune,124,8,5
0.804209643,0,0,801,744,160,19,0.965671541,0.952150148,0.2778631,0.896171694,0.833506764,0.976829268,0.899494666,AR_EN_DEEPL_Binary,bert-multilingual-uncased-finetune,125,8,1
0.807272053,0,0,807,739,165,13,0.960018482,0.923814931,0.31322667,0.89675174,0.830246914,0.984146341,0.900669643,AR_EN_DEEPL_Binary,bert-multilingual-uncased-finetune,125,8,2
0.836699349,0,0,763,820,84,57,0.965719431,0.957543245,0.336019365,0.918213457,0.900826446,0.930487805,0.915416917,AR_EN_DEEPL_Binary,bert-multilingual-uncased-finetune,125,8,3
0.836417719,0,0,759,824,80,61,0.972303313,0.959326833,0.30938449,0.918213457,0.904648391,0.925609756,0.915009042,AR_EN_DEEPL_Binary,bert-multilingual-uncased-finetune,125,8,4
0.852756219,0,0,779,817,87,41,0.967860997,0.954862901,0.364431428,0.92575406,0.899538106,0.95,0.924080664,AR_EN_DEEPL_Binary,bert-multilingual-uncased-finetune,125,8,5
0.786645506,0,0,802,725,179,18,0.962300345,0.94056016,0.376944592,0.885730858,0.817533129,0.97804878,0.890616324,AR_EN_DEEPL_Binary,bert-multilingual-uncased-finetune,126,8,1
0.767094801,0,0,813,689,215,7,0.965989909,0.952926534,0.41236678,0.871229698,0.790856031,0.991463415,0.87987013,AR_EN_DEEPL_Binary,bert-multilingual-uncased-finetune,126,8,2
0.855736527,0,0,776,823,81,44,0.973459422,0.96524412,0.281699237,0.9274942,0.905484247,0.946341463,0.925462135,AR_EN_DEEPL_Binary,bert-multilingual-uncased-finetune,126,8,3
0.852303482,0,0,775,821,83,45,0.972337039,0.962885797,0.345882482,0.92575406,0.903263403,0.945121951,0.923718713,AR_EN_DEEPL_Binary,bert-multilingual-uncased-finetune,126,8,4
0.85119458,0,0,775,820,84,45,0.971642969,0.96490189,0.389692329,0.925174014,0.902211874,0.945121951,0.923168553,AR_EN_DEEPL_Binary,bert-multilingual-uncased-finetune,126,8,5
0.81617348,0,0,780,782,122,40,0.965393643,0.953854581,0.30210764,0.906032483,0.864745011,0.951219512,0.905923345,AR_EN_DEEPL_Binary,bert-multilingual-uncased-finetune,127,8,1
0.844367955,0,0,788,799,105,32,0.971604522,0.959779417,0.26222827,0.920533643,0.882418813,0.96097561,0.920023351,AR_EN_DEEPL_Binary,bert-multilingual-uncased-finetune,127,8,2
0.832474219,0,0,792,783,121,28,0.974695122,0.966363043,0.321600844,0.913573086,0.86746988,0.965853659,0.914021927,AR_EN_DEEPL_Binary,bert-multilingual-uncased-finetune,127,8,3
0.844687533,0,0,776,813,91,44,0.973235485,0.967424352,0.379056919,0.921693735,0.895040369,0.946341463,0.919976289,AR_EN_DEEPL_Binary,bert-multilingual-uncased-finetune,127,8,4
0.839784762,0,0,780,804,100,40,0.972807846,0.966760672,0.442161937,0.918793503,0.886363636,0.951219512,0.917647059,AR_EN_DEEPL_Binary,bert-multilingual-uncased-finetune,127,8,5
0.809310437,0,0,798,753,151,22,0.963771449,0.943482565,0.310932236,0.899651972,0.840885142,0.973170732,0.902204635,AR_EN_DEEPL_Binary,bert-multilingual-uncased-finetune,128,8,1
0.81559972,0,0,787,773,131,33,0.964992311,0.949007206,0.32652254,0.90487239,0.857298475,0.959756098,0.905638665,AR_EN_DEEPL_Binary,bert-multilingual-uncased-finetune,128,8,2
0.8428146,0,0,791,794,110,29,0.969589764,0.958690098,0.32790868,0.91937355,0.87791343,0.964634146,0.919233004,AR_EN_DEEPL_Binary,bert-multilingual-uncased-finetune,128,8,3
0.846911655,0,0,784,806,98,36,0.970801182,0.956483613,0.359266869,0.922273782,0.888888889,0.956097561,0.921269095,AR_EN_DEEPL_Binary,bert-multilingual-uncased-finetune,128,8,4
0.840436772,0,0,784,800,104,36,0.972215627,0.960924896,0.376822124,0.918793503,0.882882883,0.956097561,0.918032787,AR_EN_DEEPL_Binary,bert-multilingual-uncased-finetune,128,8,5
0.821715032,0,0,768,801,103,52,0.969068368,0.955876723,0.257239708,0.910092807,0.881745121,0.936585366,0.908338261,AR_EN_DEEPL_Binary,bert-multilingual-uncased-finetune,129,8,1
0.845553552,0,0,794,793,111,26,0.969678124,0.956111088,0.275261208,0.920533643,0.877348066,0.968292683,0.92057971,AR_EN_DEEPL_Binary,bert-multilingual-uncased-finetune,129,8,2
0.822147701,0,0,746,825,79,74,0.970992068,0.962950538,0.373332352,0.9112529,0.904242424,0.909756098,0.906990881,AR_EN_DEEPL_Binary,bert-multilingual-uncased-finetune,129,8,3
0.835042558,0,0,769,812,92,51,0.972879344,0.96746444,0.406792377,0.917053364,0.893147503,0.937804878,0.914931588,AR_EN_DEEPL_Binary,bert-multilingual-uncased-finetune,129,8,4
0.827203553,0,0,768,806,98,52,0.972662152,0.967150456,0.482503135,0.912993039,0.886836028,0.936585366,0.911032028,AR_EN_DEEPL_Binary,bert-multilingual-uncased-finetune,129,8,5
0.107850963,0,0,18,904,0,802,0.751390163,0.777668862,0.700290892,0.534802784,1,0.02195122,0.042959427,AR_EN_DEEPL_Binary,bert-multilingual-uncased-finetune,130,8,1
0.785830608,0,0,794,735,169,26,0.953762411,0.928883326,0.364622853,0.886890951,0.82450675,0.968292683,0.890633763,AR_EN_DEEPL_Binary,bert-multilingual-uncased-finetune,130,8,2
0.805222092,0,0,773,780,124,47,0.936965789,0.913419047,0.378467482,0.900812065,0.861761427,0.942682927,0.900407688,AR_EN_DEEPL_Binary,bert-multilingual-uncased-finetune,130,8,3
0.819341224,0,0,785,779,125,35,0.936064645,0.856136941,0.320601308,0.907192575,0.862637363,0.957317073,0.907514451,AR_EN_DEEPL_Binary,bert-multilingual-uncased-finetune,130,8,4
0.828281511,0,0,782,791,113,38,0.959874137,0.927390615,0.292407499,0.912412993,0.873743017,0.953658537,0.911953353,AR_EN_DEEPL_Binary,bert-multilingual-uncased-finetune,130,8,5
0.798548029,0,0,802,737,167,18,0.966927477,0.955887368,0.298126596,0.892691415,0.827657379,0.97804878,0.896590274,AR_EN_DEEPL_Binary,bert-multilingual-uncased-finetune,131,8,1
0.819970552,0,0,796,766,138,24,0.968595537,0.958093162,0.364742919,0.906032483,0.852248394,0.970731707,0.907639681,AR_EN_DEEPL_Binary,bert-multilingual-uncased-finetune,131,8,2
0.832115802,0,0,799,774,130,21,0.969423834,0.953379088,0.421666625,0.912412993,0.860064586,0.974390244,0.913664951,AR_EN_DEEPL_Binary,bert-multilingual-uncased-finetune,131,8,3
0.84534443,0,0,793,794,110,27,0.97162071,0.962637574,0.344586872,0.920533643,0.878183832,0.967073171,0.920487522,AR_EN_DEEPL_Binary,bert-multilingual-uncased-finetune,131,8,4
0.845081683,0,0,779,810,94,41,0.970321606,0.959262277,0.39868724,0.921693735,0.892325315,0.95,0.920259894,AR_EN_DEEPL_Binary,bert-multilingual-uncased-finetune,131,8,5
0.805950766,0,0,756,800,104,64,0.964586931,0.953761654,0.362290552,0.902552204,0.879069767,0.92195122,0.9,AR_EN_DEEPL_Binary,bert-multilingual-uncased-finetune,132,8,1
0.833999969,0,0,784,794,110,36,0.966077596,0.946043739,0.360153519,0.915313225,0.876957494,0.956097561,0.914819137,AR_EN_DEEPL_Binary,bert-multilingual-uncased-finetune,132,8,2
0.836775789,0,0,801,776,128,19,0.969497356,0.959019806,0.341524875,0.914733179,0.862217438,0.976829268,0.915951973,AR_EN_DEEPL_Binary,bert-multilingual-uncased-finetune,132,8,3
0.82649276,0,0,778,794,110,42,0.970465951,0.962034544,0.376210869,0.911832947,0.876126126,0.948780488,0.911007026,AR_EN_DEEPL_Binary,bert-multilingual-uncased-finetune,132,8,4
0.836141393,0,0,784,796,108,36,0.969358407,0.959239613,0.410348427,0.916473318,0.878923767,0.956097561,0.91588785,AR_EN_DEEPL_Binary,bert-multilingual-uncased-finetune,132,8,5
0.76220405,0,0,672,845,59,148,0.957449277,0.948951887,0.410910303,0.879930394,0.919288646,0.819512195,0.866537718,AR_EN_DEEPL_Binary,bert-multilingual-cased-finetune,123,8,1
0.83922639,0,0,789,793,111,31,0.966443854,0.950394875,0.303705099,0.917633411,0.876666667,0.962195122,0.91744186,AR_EN_DEEPL_Binary,bert-multilingual-cased-finetune,123,8,2
0.840145225,0,0,764,822,82,56,0.971072334,0.96043579,0.323821405,0.919953596,0.903073286,0.931707317,0.917166867,AR_EN_DEEPL_Binary,bert-multilingual-cased-finetune,123,8,3
0.838578023,0,0,757,828,76,63,0.971574844,0.960426142,0.334118938,0.91937355,0.908763505,0.923170732,0.915910466,AR_EN_DEEPL_Binary,bert-multilingual-cased-finetune,123,8,4
0.839475641,0,0,769,816,88,51,0.973506637,0.964353452,0.32795633,0.91937355,0.897316219,0.937804878,0.917113894,AR_EN_DEEPL_Binary,bert-multilingual-cased-finetune,123,8,5
0.820052688,0,0,778,788,116,42,0.969620117,0.959536152,0.291685099,0.908352668,0.870246085,0.948780488,0.90781797,AR_EN_DEEPL_Binary,bert-multilingual-cased-finetune,124,8,1
0.832311686,0,0,764,815,89,56,0.967494064,0.951722311,0.389809087,0.915893271,0.895662368,0.931707317,0.913329348,AR_EN_DEEPL_Binary,bert-multilingual-cased-finetune,124,8,2
0.857166561,0,0,779,821,83,41,0.972346482,0.963633073,0.346062152,0.928074246,0.903712297,0.95,0.92627824,AR_EN_DEEPL_Binary,bert-multilingual-cased-finetune,124,8,3
0.838532566,0,0,756,829,75,64,0.969489262,0.962956697,0.419815464,0.91937355,0.909747292,0.92195122,0.915808601,AR_EN_DEEPL_Binary,bert-multilingual-cased-finetune,124,8,4
0.836619875,0,0,773,809,95,47,0.970990719,0.962007017,0.442224426,0.917633411,0.890552995,0.942682927,0.915876777,AR_EN_DEEPL_Binary,bert-multilingual-cased-finetune,124,8,5
0.814772084,0,0,792,766,138,28,0.901421865,0.77496152,0.359654122,0.903712297,0.851612903,0.965853659,0.905142857,AR_EN_DEEPL_Binary,bert-multilingual-cased-finetune,125,8,1
0.839537926,0,0,785,798,106,35,0.966212497,0.941951519,0.308911434,0.918213457,0.881032548,0.957317073,0.917592051,AR_EN_DEEPL_Binary,bert-multilingual-cased-finetune,125,8,2
0.837043465,0,0,802,775,129,18,0.972338388,0.964634713,0.401997184,0.914733179,0.861439313,0.97804878,0.916047973,AR_EN_DEEPL_Binary,bert-multilingual-cased-finetune,125,8,3
0.843836569,0,0,768,821,83,52,0.971225448,0.958964213,0.419652663,0.921693735,0.902467685,0.936585366,0.919210054,AR_EN_DEEPL_Binary,bert-multilingual-cased-finetune,125,8,4
0.837610836,0,0,760,824,80,60,0.971475016,0.960162186,0.441753096,0.918793503,0.904761905,0.926829268,0.915662651,AR_EN_DEEPL_Binary,bert-multilingual-cased-finetune,125,8,5
0.812759225,0,0,731,832,72,89,0.964407511,0.946503918,0.308913537,0.906612529,0.910336239,0.891463415,0.900800986,AR_EN_DEEPL_Binary,bert-multilingual-cased-finetune,126,8,1
0.812072794,0,0,719,843,61,101,0.965579133,0.941265188,0.351234015,0.906032483,0.921794872,0.876829268,0.89875,AR_EN_DEEPL_Binary,bert-multilingual-cased-finetune,126,8,2
0.836495432,0,0,772,810,94,48,0.968636682,0.959732526,0.358605141,0.917633411,0.891454965,0.941463415,0.915776987,AR_EN_DEEPL_Binary,bert-multilingual-cased-finetune,126,8,3
0.831576485,0,0,776,801,103,44,0.965247275,0.938782376,0.403730185,0.914733179,0.882821388,0.946341463,0.913478517,AR_EN_DEEPL_Binary,bert-multilingual-cased-finetune,126,8,4
0.838698444,0,0,772,812,92,48,0.968891647,0.960345596,0.406566001,0.918793503,0.893518519,0.941463415,0.916864608,AR_EN_DEEPL_Binary,bert-multilingual-cased-finetune,126,8,5
0.82229515,0,0,784,783,121,36,0.964566695,0.946162869,0.299680061,0.908932715,0.866298343,0.956097561,0.908985507,AR_EN_DEEPL_Binary,bert-multilingual-cased-finetune,127,8,1
0.838698444,0,0,772,812,92,48,0.918086283,0.826053377,0.344707655,0.918793503,0.893518519,0.941463415,0.916864608,AR_EN_DEEPL_Binary,bert-multilingual-cased-finetune,127,8,2
0.83798511,0,0,765,819,85,55,0.973365665,0.964791043,0.324590486,0.918793503,0.9,0.932926829,0.916167665,AR_EN_DEEPL_Binary,bert-multilingual-cased-finetune,127,8,3
0.841685436,0,0,785,800,104,35,0.972868552,0.963977636,0.368452864,0.91937355,0.883014623,0.957317073,0.918665886,AR_EN_DEEPL_Binary,bert-multilingual-cased-finetune,127,8,4
0.847763882,0,0,774,818,86,46,0.973270559,0.96540335,0.369796123,0.923433875,0.9,0.943902439,0.921428571,AR_EN_DEEPL_Binary,bert-multilingual-cased-finetune,127,8,5
0.820487515,0,0,767,801,103,53,0.967007743,0.95139689,0.287470177,0.909512761,0.881609195,0.935365854,0.907692308,AR_EN_DEEPL_Binary,bert-multilingual-cased-finetune,128,8,1
0.832565145,0,0,782,795,109,38,0.964969377,0.950063742,0.33305049,0.914733179,0.877665544,0.953658537,0.91408533,AR_EN_DEEPL_Binary,bert-multilingual-cased-finetune,128,8,2
0.816260781,0,0,732,834,70,88,0.957595645,0.95448739,0.410562771,0.908352668,0.912718204,0.892682927,0.902589396,AR_EN_DEEPL_Binary,bert-multilingual-cased-finetune,128,8,3
0.831902515,0,0,759,820,84,61,0.972382905,0.964096448,0.315795343,0.915893271,0.900355872,0.925609756,0.912808178,AR_EN_DEEPL_Binary,bert-multilingual-cased-finetune,128,8,4
0.841603971,0,0,768,819,85,52,0.973483704,0.96503431,0.331120673,0.920533643,0.9003517,0.936585366,0.918111178,AR_EN_DEEPL_Binary,bert-multilingual-cased-finetune,128,8,5
0.817236016,0,0,780,783,121,40,0.965567667,0.953967107,0.293931542,0.906612529,0.865704772,0.951219512,0.906449739,AR_EN_DEEPL_Binary,bert-multilingual-cased-finetune,129,8,1
0.827589887,0,0,771,803,101,49,0.968102471,0.956904689,0.356074299,0.912993039,0.884174312,0.940243902,0.911347518,AR_EN_DEEPL_Binary,bert-multilingual-cased-finetune,129,8,2
0.825654506,0,0,805,760,144,15,0.970600853,0.959963894,0.354041571,0.907772622,0.848261328,0.981707317,0.910118711,AR_EN_DEEPL_Binary,bert-multilingual-cased-finetune,129,8,3
0.849781593,0,0,772,822,82,48,0.971783941,0.963129199,0.336029826,0.924593968,0.903981265,0.941463415,0.922341697,AR_EN_DEEPL_Binary,bert-multilingual-cased-finetune,129,8,4
0.843344346,0,0,774,814,90,46,0.971612616,0.963092812,0.375116823,0.921113689,0.895833333,0.943902439,0.919239905,AR_EN_DEEPL_Binary,bert-multilingual-cased-finetune,129,8,5
0.833826176,0,0,768,812,92,52,0.965254695,0.954221914,0.278752986,0.916473318,0.893023256,0.936585366,0.914285714,AR_EN_DEEPL_Binary,bert-multilingual-cased-finetune,130,8,1
0.841809263,0,0,779,807,97,41,0.970345888,0.959443934,0.31096577,0.919953596,0.889269406,0.95,0.918632075,AR_EN_DEEPL_Binary,bert-multilingual-cased-finetune,130,8,2
0.824367154,0,0,739,834,70,81,0.971574169,0.959285414,0.389792933,0.912412993,0.913473424,0.901219512,0.907305095,AR_EN_DEEPL_Binary,bert-multilingual-cased-finetune,130,8,3
0.838112281,0,0,776,807,97,44,0.965855008,0.954809601,0.387983385,0.918213457,0.888888889,0.946341463,0.916715889,AR_EN_DEEPL_Binary,bert-multilingual-cased-finetune,130,8,4
0.82825412,0,0,755,821,83,65,0.968790471,0.958659122,0.45771637,0.914153132,0.900954654,0.920731707,0.910735826,AR_EN_DEEPL_Binary,bert-multilingual-cased-finetune,130,8,5
0.819789315,0,0,787,777,127,33,0.965448953,0.950707086,0.327315199,0.907192575,0.861050328,0.959756098,0.907727797,AR_EN_DEEPL_Binary,bert-multilingual-cased-finetune,131,8,1
0.799159546,0,0,701,849,55,119,0.96804244,0.958932593,0.337686097,0.899071926,0.927248677,0.854878049,0.889593909,AR_EN_DEEPL_Binary,bert-multilingual-cased-finetune,131,8,2
0.83488952,0,0,740,842,62,80,0.97090708,0.960926095,0.345467114,0.917633411,0.922693267,0.902439024,0.912453761,AR_EN_DEEPL_Binary,bert-multilingual-cased-finetune,131,8,3
0.847268815,0,0,779,812,92,41,0.961312864,0.955527132,0.344118868,0.922853828,0.894374282,0.95,0.921348315,AR_EN_DEEPL_Binary,bert-multilingual-cased-finetune,131,8,4
0.849235225,0,0,785,807,97,35,0.97140082,0.960371754,0.391534569,0.923433875,0.890022676,0.957317073,0.922444183,AR_EN_DEEPL_Binary,bert-multilingual-cased-finetune,131,8,5
0.805872088,0,0,739,818,86,81,0.931216275,0.846072057,0.308426221,0.903132251,0.895757576,0.901219512,0.898480243,AR_EN_DEEPL_Binary,bert-multilingual-cased-finetune,132,8,1
0.821273587,0,0,797,766,138,23,0.967098128,0.950297693,0.383031059,0.906612529,0.852406417,0.97195122,0.908262108,AR_EN_DEEPL_Binary,bert-multilingual-cased-finetune,132,8,2
0.830054044,0,0,795,777,127,25,0.966377752,0.952199158,0.333865722,0.911832947,0.862255965,0.969512195,0.912743972,AR_EN_DEEPL_Binary,bert-multilingual-cased-finetune,132,8,3
0.843837172,0,0,785,802,102,35,0.963857787,0.9305359,0.325287526,0.920533643,0.885005637,0.957317073,0.919742238,AR_EN_DEEPL_Binary,bert-multilingual-cased-finetune,132,8,4
0.850205233,0,0,796,795,109,24,0.964820985,0.936037891,0.343763965,0.922853828,0.879558011,0.970731707,0.922898551,AR_EN_DEEPL_Binary,bert-multilingual-cased-finetune,132,8,5
0.828143675,0,0,753,823,81,67,0.970525308,0.960471054,0.278072333,0.914153132,0.902877698,0.918292683,0.910519952,AR_EN_DEEPL_Binary,bert-base-uncased-finetune,123,8,1
0.842323817,0,0,763,825,79,57,0.971535722,0.965058942,0.314236121,0.921113689,0.906175772,0.930487805,0.918170878,AR_EN_DEEPL_Binary,bert-base-uncased-finetune,123,8,2
0.830931489,0,0,761,817,87,59,0.974229711,0.967542122,0.373643502,0.915313225,0.89740566,0.92804878,0.912470024,AR_EN_DEEPL_Binary,bert-base-uncased-finetune,123,8,3
0.84263145,0,0,767,821,83,53,0.971303691,0.953027549,0.500393553,0.921113689,0.902352941,0.935365854,0.918562874,AR_EN_DEEPL_Binary,bert-base-uncased-finetune,123,8,4
0.833617761,0,0,766,814,90,54,0.972322199,0.958987952,0.535791691,0.916473318,0.894859813,0.934146341,0.914081146,AR_EN_DEEPL_Binary,bert-base-uncased-finetune,123,8,5
0.853425518,0,0,784,812,92,36,0.972779517,0.96265988,0.246504544,0.92575406,0.894977169,0.956097561,0.924528302,AR_EN_DEEPL_Binary,bert-base-uncased-finetune,124,8,1
0.840489274,0,0,790,793,111,30,0.973734621,0.965120421,0.313870662,0.918213457,0.876803552,0.963414634,0.918070889,AR_EN_DEEPL_Binary,bert-base-uncased-finetune,124,8,2
0.837478687,0,0,771,812,92,49,0.973165336,0.9679633,0.398626761,0.918213457,0.893395133,0.940243902,0.916221034,AR_EN_DEEPL_Binary,bert-base-uncased-finetune,124,8,3
0.839189328,0,0,783,800,104,37,0.974129883,0.967107592,0.461219221,0.918213457,0.882750846,0.954878049,0.917398946,AR_EN_DEEPL_Binary,bert-base-uncased-finetune,124,8,4
0.838472078,0,0,770,814,90,50,0.973277304,0.966278927,0.503719968,0.918793503,0.895348837,0.93902439,0.916666667,AR_EN_DEEPL_Binary,bert-base-uncased-finetune,124,8,5
0.815365089,0,0,786,774,130,34,0.959399957,0.923965905,0.364086196,0.90487239,0.858078603,0.958536585,0.905529954,AR_EN_DEEPL_Binary,bert-base-uncased-finetune,125,8,1
0.832832794,0,0,769,810,94,51,0.974253993,0.96741965,0.299661145,0.915893271,0.891077636,0.937804878,0.913844326,AR_EN_DEEPL_Binary,bert-base-uncased-finetune,125,8,2
0.826145848,0,0,782,789,115,38,0.971036585,0.966473447,0.451517507,0.9112529,0.871794872,0.953658537,0.910891089,AR_EN_DEEPL_Binary,bert-base-uncased-finetune,125,8,3
0.838873042,0,0,762,823,81,58,0.97240449,0.96547943,0.4778228,0.91937355,0.903914591,0.929268293,0.916416115,AR_EN_DEEPL_Binary,bert-base-uncased-finetune,125,8,4
0.835155741,0,0,770,811,93,50,0.970584664,0.963546715,0.548262315,0.917053364,0.892236385,0.93902439,0.91503268,AR_EN_DEEPL_Binary,bert-base-uncased-finetune,125,8,5
0.826636509,0,0,772,801,103,48,0.968374973,0.953432727,0.319273941,0.912412993,0.882285714,0.941463415,0.910914454,AR_EN_DEEPL_Binary,bert-base-uncased-finetune,126,8,1
0.823630522,0,0,805,758,146,15,0.976162853,0.968222267,0.369005157,0.906612529,0.846477392,0.981707317,0.909090909,AR_EN_DEEPL_Binary,bert-base-uncased-finetune,126,8,2
0.822823514,0,0,791,775,129,29,0.972837524,0.965127292,0.479168231,0.908352668,0.859782609,0.964634146,0.909195402,AR_EN_DEEPL_Binary,bert-base-uncased-finetune,126,8,3
0.843506191,0,0,783,804,100,37,0.97269183,0.965058627,0.54917132,0.920533643,0.886749717,0.954878049,0.919553729,AR_EN_DEEPL_Binary,bert-base-uncased-finetune,126,8,4
0.836748827,0,0,774,808,96,46,0.973741366,0.967461766,0.566693904,0.917633411,0.889655172,0.943902439,0.915976331,AR_EN_DEEPL_Binary,bert-base-uncased-finetune,126,8,5
0.829406495,0,0,776,799,105,44,0.972496223,0.963443818,0.24206225,0.913573086,0.880817253,0.946341463,0.912404468,AR_EN_DEEPL_Binary,bert-base-uncased-finetune,127,8,1
0.832389096,0,0,781,796,108,39,0.972811893,0.964240838,0.256548404,0.914733179,0.878515186,0.952439024,0.913984786,AR_EN_DEEPL_Binary,bert-base-uncased-finetune,127,8,2
0.834187431,0,0,785,793,111,35,0.974940643,0.969069904,0.389342301,0.915313225,0.876116071,0.957317073,0.914918415,AR_EN_DEEPL_Binary,bert-base-uncased-finetune,127,8,3
0.842264515,0,0,782,804,100,38,0.975605709,0.969662336,0.483252107,0.919953596,0.886621315,0.953658537,0.918918919,AR_EN_DEEPL_Binary,bert-base-uncased-finetune,127,8,4
0.844431664,0,0,782,806,98,38,0.975778383,0.968407784,0.571556125,0.921113689,0.888636364,0.953658537,0.92,AR_EN_DEEPL_Binary,bert-base-uncased-finetune,127,8,5
0.831862678,0,0,784,792,112,36,0.970495629,0.953782711,0.289352896,0.914153132,0.875,0.956097561,0.913752914,AR_EN_DEEPL_Binary,bert-base-uncased-finetune,128,8,1
0.802319776,0,0,807,734,170,13,0.970723613,0.960372034,0.418469563,0.893851508,0.825997953,0.984146341,0.898163606,AR_EN_DEEPL_Binary,bert-base-uncased-finetune,128,8,2
0.823829887,0,0,795,771,133,25,0.971995737,0.961912172,0.462714707,0.908352668,0.856681034,0.969512195,0.909610984,AR_EN_DEEPL_Binary,bert-base-uncased-finetune,128,8,3
0.832844672,0,0,756,824,80,64,0.972136035,0.962944275,0.553591804,0.916473318,0.90430622,0.92195122,0.913043478,AR_EN_DEEPL_Binary,bert-base-uncased-finetune,128,8,4
0.834697097,0,0,775,805,99,45,0.969605277,0.95613481,0.575293827,0.916473318,0.886727689,0.945121951,0.914994097,AR_EN_DEEPL_Binary,bert-base-uncased-finetune,128,8,5
0.82721317,0,0,782,790,114,38,0.968781027,0.957967372,0.29973974,0.911832947,0.872767857,0.953658537,0.911421911,AR_EN_DEEPL_Binary,bert-base-uncased-finetune,129,8,1
0.82694683,0,0,786,785,119,34,0.973371735,0.967903996,0.313150842,0.9112529,0.868508287,0.958536585,0.911304348,AR_EN_DEEPL_Binary,bert-base-uncased-finetune,129,8,2
0.831598511,0,0,788,787,117,32,0.97079646,0.964239261,0.479800397,0.913573086,0.870718232,0.96097561,0.913623188,AR_EN_DEEPL_Binary,bert-base-uncased-finetune,129,8,3
0.824457572,0,0,772,799,105,48,0.968539553,0.962094206,0.485319185,0.9112529,0.88027366,0.941463415,0.909840896,AR_EN_DEEPL_Binary,bert-base-uncased-finetune,129,8,4
0.825133604,0,0,769,803,101,51,0.970256853,0.958676285,0.60523825,0.911832947,0.883908046,0.937804878,0.910059172,AR_EN_DEEPL_Binary,bert-base-uncased-finetune,129,8,5
0.829566893,0,0,793,779,125,27,0.973713037,0.961712235,0.305648969,0.911832947,0.863834423,0.967073171,0.912543153,AR_EN_DEEPL_Binary,bert-base-uncased-finetune,130,8,1
0.837730762,0,0,808,768,136,12,0.969919599,0.953254296,0.345971522,0.914153132,0.855932203,0.985365854,0.916099773,AR_EN_DEEPL_Binary,bert-base-uncased-finetune,130,8,2
0.83060616,0,0,783,792,112,37,0.973039877,0.967227033,0.376019705,0.913573086,0.874860335,0.954878049,0.913119534,AR_EN_DEEPL_Binary,bert-base-uncased-finetune,130,8,3
0.840611154,0,0,785,799,105,35,0.974247248,0.970307323,0.488691183,0.918793503,0.882022472,0.957317073,0.918128655,AR_EN_DEEPL_Binary,bert-base-uncased-finetune,130,8,4
0.830509848,0,0,768,809,95,52,0.973358245,0.968806344,0.572035098,0.914733179,0.889918888,0.936585366,0.912655971,AR_EN_DEEPL_Binary,bert-base-uncased-finetune,130,8,5
0.828011461,0,0,750,826,78,70,0.972415282,0.963192956,0.269094509,0.914153132,0.905797101,0.914634146,0.910194175,AR_EN_DEEPL_Binary,bert-base-uncased-finetune,131,8,1
0.832570328,0,0,749,831,73,71,0.972094215,0.965968833,0.339021554,0.916473318,0.911192214,0.913414634,0.912302071,AR_EN_DEEPL_Binary,bert-base-uncased-finetune,131,8,2
0.834053513,0,0,778,801,103,42,0.972501619,0.964229623,0.38106011,0.915893271,0.883087401,0.948780488,0.914756026,AR_EN_DEEPL_Binary,bert-base-uncased-finetune,131,8,3
0.837596379,0,0,772,811,93,48,0.972709368,0.965903701,0.499317483,0.918213457,0.892485549,0.941463415,0.916320475,AR_EN_DEEPL_Binary,bert-base-uncased-finetune,131,8,4
0.838945588,0,0,763,822,82,57,0.967464386,0.948277435,0.565861295,0.91937355,0.90295858,0.930487805,0.916516517,AR_EN_DEEPL_Binary,bert-base-uncased-finetune,131,8,5
0.814083801,0,0,710,853,51,110,0.96943665,0.961882307,0.35849776,0.906612529,0.932982917,0.865853659,0.898165718,AR_EN_DEEPL_Binary,bert-base-uncased-finetune,132,8,1
0.840901872,0,0,792,791,113,28,0.972168411,0.956839582,0.360695293,0.918213457,0.875138122,0.965853659,0.91826087,AR_EN_DEEPL_Binary,bert-base-uncased-finetune,132,8,2
0.843389035,0,0,762,827,77,58,0.973994982,0.966210785,0.417048187,0.921693735,0.908224076,0.929268293,0.918625678,AR_EN_DEEPL_Binary,bert-base-uncased-finetune,132,8,3
0.836377022,0,0,779,802,102,41,0.969200572,0.957648303,0.519505043,0.917053364,0.884222474,0.95,0.915931805,AR_EN_DEEPL_Binary,bert-base-uncased-finetune,132,8,4
0.833606136,0,0,775,804,100,45,0.971510091,0.962838195,0.551354417,0.915893271,0.885714286,0.945121951,0.914454277,AR_EN_DEEPL_Binary,bert-base-uncased-finetune,132,8,5
0.814080822,0,0,726,838,66,94,0.971618012,0.964389946,0.248865359,0.907192575,0.916666667,0.885365854,0.900744417,AR_EN_DEEPL_Binary,bert-base-cased-finetune,123,8,1
0.826691163,0,0,798,770,134,22,0.965413879,0.949470721,0.351833961,0.909512761,0.856223176,0.973170732,0.910958904,AR_EN_DEEPL_Binary,bert-base-cased-finetune,123,8,2
0.833464766,0,0,781,797,107,39,0.969309842,0.95776839,0.390787098,0.915313225,0.879504505,0.952439024,0.914519906,AR_EN_DEEPL_Binary,bert-base-cased-finetune,123,8,3
0.837953659,0,0,793,787,117,27,0.969682846,0.95667602,0.377637506,0.916473318,0.871428571,0.967073171,0.916763006,AR_EN_DEEPL_Binary,bert-base-cased-finetune,123,8,4
0.844588085,0,0,783,805,99,37,0.969705105,0.958281552,0.389312113,0.921113689,0.887755102,0.954878049,0.920094007,AR_EN_DEEPL_Binary,bert-base-cased-finetune,123,8,5
0.809898623,0,0,785,770,134,35,0.964590978,0.953817822,0.277854953,0.901972158,0.854189336,0.957317073,0.902817711,AR_EN_DEEPL_Binary,bert-base-cased-finetune,124,8,1
0.838532566,0,0,756,829,75,64,0.971369793,0.962582306,0.312966128,0.91937355,0.909747292,0.92195122,0.915808601,AR_EN_DEEPL_Binary,bert-base-cased-finetune,124,8,2
0.82202796,0,0,792,773,131,28,0.971300993,0.963116309,0.42439743,0.907772622,0.858071506,0.965853659,0.908777969,AR_EN_DEEPL_Binary,bert-base-cased-finetune,124,8,3
0.842242296,0,0,774,813,91,46,0.971837902,0.965108084,0.439597097,0.920533643,0.894797688,0.943902439,0.918694362,AR_EN_DEEPL_Binary,bert-base-cased-finetune,124,8,4
0.837256828,0,0,769,814,90,51,0.971599126,0.965018623,0.463525175,0.918213457,0.895227008,0.937804878,0.916021441,AR_EN_DEEPL_Binary,bert-base-cased-finetune,124,8,5
0.831729592,0,0,769,809,95,51,0.970130045,0.961125876,0.306854158,0.915313225,0.890046296,0.937804878,0.913301663,AR_EN_DEEPL_Binary,bert-base-cased-finetune,125,8,1
0.846004298,0,0,791,797,107,29,0.974859702,0.967674557,0.317274467,0.921113689,0.880846325,0.964634146,0.920838184,AR_EN_DEEPL_Binary,bert-base-cased-finetune,125,8,2
0.832901811,0,0,757,823,81,63,0.974334934,0.968934376,0.37296743,0.916473318,0.903341289,0.923170732,0.913148372,AR_EN_DEEPL_Binary,bert-base-cased-finetune,125,8,3
0.840299602,0,0,776,809,95,44,0.97109864,0.967633336,0.513952753,0.91937355,0.890929966,0.946341463,0.917800118,AR_EN_DEEPL_Binary,bert-base-cased-finetune,125,8,4
0.826750817,0,0,764,810,94,56,0.966273203,0.942848935,0.632352772,0.912993039,0.89044289,0.931707317,0.910607867,AR_EN_DEEPL_Binary,bert-base-cased-finetune,125,8,5
0.789464024,0,0,786,749,155,34,0.962714494,0.953150568,0.3816421,0.89037123,0.835281615,0.958536585,0.892674617,AR_EN_DEEPL_Binary,bert-base-cased-finetune,126,8,1
0.797903682,0,0,803,735,169,17,0.966791226,0.955466884,0.322398317,0.892111369,0.826131687,0.979268293,0.896205357,AR_EN_DEEPL_Binary,bert-base-cased-finetune,126,8,2
0.820791843,0,0,760,809,95,60,0.967018536,0.953782738,0.3607043,0.910092807,0.888888889,0.926829268,0.907462687,AR_EN_DEEPL_Binary,bert-base-cased-finetune,126,8,3
0.822116498,0,0,788,778,126,32,0.967019885,0.944862335,0.388681692,0.908352668,0.86214442,0.96097561,0.9088812,AR_EN_DEEPL_Binary,bert-base-cased-finetune,126,8,4
0.828553213,0,0,770,805,99,50,0.971006907,0.961395308,0.384992366,0.913573086,0.886075949,0.93902439,0.91178212,AR_EN_DEEPL_Binary,bert-base-cased-finetune,126,8,5
0.836065496,0,0,740,843,61,80,0.971703,0.963791763,0.230307617,0.918213457,0.923845194,0.902439024,0.913016656,AR_EN_DEEPL_Binary,bert-base-cased-finetune,127,8,1
0.844647387,0,0,764,826,78,56,0.976577002,0.970346524,0.311303416,0.922273782,0.90736342,0.931707317,0.919374248,AR_EN_DEEPL_Binary,bert-base-cased-finetune,127,8,2
0.842043507,0,0,787,798,106,33,0.972791658,0.962880786,0.403691536,0.91937355,0.881298992,0.959756098,0.918855809,AR_EN_DEEPL_Binary,bert-base-cased-finetune,127,8,3
0.833673621,0,0,745,836,68,75,0.972059141,0.967437254,0.509283852,0.917053364,0.916359164,0.908536585,0.912431108,AR_EN_DEEPL_Binary,bert-base-cased-finetune,127,8,4
0.843389035,0,0,762,827,77,58,0.96953243,0.964199226,0.565908324,0.921693735,0.908224076,0.929268293,0.918625678,AR_EN_DEEPL_Binary,bert-base-cased-finetune,127,8,5
0.835577991,0,0,763,819,85,57,0.97254074,0.967112238,0.229188811,0.917633411,0.899764151,0.930487805,0.914868106,AR_EN_DEEPL_Binary,bert-base-cased-finetune,128,8,1
0.842011396,0,0,772,815,89,48,0.974272879,0.966464446,0.341459503,0.920533643,0.896631823,0.941463415,0.918500892,AR_EN_DEEPL_Binary,bert-base-cased-finetune,128,8,2
0.820245405,0,0,807,752,152,13,0.969099396,0.948733322,0.509249419,0.904292343,0.841501564,0.984146341,0.907251265,AR_EN_DEEPL_Binary,bert-base-cased-finetune,128,8,3
0.835627105,0,0,792,786,118,28,0.973352849,0.966286846,0.53668479,0.915313225,0.87032967,0.965853659,0.915606936,AR_EN_DEEPL_Binary,bert-base-cased-finetune,128,8,4
0.847010517,0,0,777,814,90,43,0.95873624,0.924983172,0.58334711,0.922853828,0.896193772,0.947560976,0.921161826,AR_EN_DEEPL_Binary,bert-base-cased-finetune,128,8,5
0.81214221,0,0,718,844,60,102,0.968257608,0.962499621,0.305866429,0.906032483,0.922879177,0.875609756,0.898623279,AR_EN_DEEPL_Binary,bert-base-cased-finetune,129,8,1
0.839105782,0,0,802,777,127,18,0.971020397,0.960953761,0.332755541,0.915893271,0.863293864,0.97804878,0.917095483,AR_EN_DEEPL_Binary,bert-base-cased-finetune,129,8,2
0.851249843,0,0,784,810,94,36,0.972562325,0.965285355,0.428398508,0.924593968,0.892938497,0.956097561,0.92343934,AR_EN_DEEPL_Binary,bert-base-cased-finetune,129,8,3
0.852337129,0,0,784,811,93,36,0.972366717,0.964760161,0.491431918,0.925174014,0.89395667,0.956097561,0.9239835,AR_EN_DEEPL_Binary,bert-base-cased-finetune,129,8,4
0.841603971,0,0,768,819,85,52,0.968909184,0.962688339,0.582125104,0.920533643,0.9003517,0.936585366,0.918111178,AR_EN_DEEPL_Binary,bert-base-cased-finetune,129,8,5
0.827240751,0,0,776,797,107,44,0.967487319,0.950381944,0.317940347,0.912412993,0.878822197,0.946341463,0.911332942,AR_EN_DEEPL_Binary,bert-base-cased-finetune,130,8,1
0.838073486,0,0,766,818,86,54,0.9722534,0.963736772,0.273111794,0.918793503,0.899061033,0.934146341,0.916267943,AR_EN_DEEPL_Binary,bert-base-cased-finetune,130,8,2
0.837162761,0,0,777,805,99,43,0.969961418,0.962839707,0.407602995,0.917633411,0.886986301,0.947560976,0.916273585,AR_EN_DEEPL_Binary,bert-base-cased-finetune,130,8,3
0.839919337,0,0,773,812,92,47,0.968343946,0.959381838,0.444408865,0.91937355,0.893641618,0.942682927,0.917507418,AR_EN_DEEPL_Binary,bert-base-cased-finetune,130,8,4
0.842622673,0,0,777,810,94,43,0.965001079,0.948486346,0.542033947,0.920533643,0.892078071,0.947560976,0.91898285,AR_EN_DEEPL_Binary,bert-base-cased-finetune,130,8,5
0.804592335,0,0,729,827,77,91,0.964967354,0.954715785,0.436815099,0.902552204,0.904466501,0.88902439,0.896678967,AR_EN_DEEPL_Binary,bert-base-cased-finetune,131,8,1
0.82355154,0,0,727,845,59,93,0.969933089,0.947713226,0.313317218,0.911832947,0.924936387,0.886585366,0.905354919,AR_EN_DEEPL_Binary,bert-base-cased-finetune,131,8,2
0.843011604,0,0,771,817,87,49,0.974298511,0.968318558,0.364141527,0.921113689,0.898601399,0.940243902,0.918951132,AR_EN_DEEPL_Binary,bert-base-cased-finetune,131,8,3
0.846657289,0,0,774,817,87,46,0.969549968,0.962503677,0.453539145,0.922853828,0.898954704,0.943902439,0.920880428,AR_EN_DEEPL_Binary,bert-base-cased-finetune,131,8,4
0.845667297,0,0,775,815,89,45,0.970235269,0.964398625,0.510085327,0.922273782,0.896990741,0.945121951,0.920427553,AR_EN_DEEPL_Binary,bert-base-cased-finetune,131,8,5
0.825266786,0,0,770,802,102,50,0.967129829,0.955474147,0.291997551,0.911832947,0.883027523,0.93902439,0.910165485,AR_EN_DEEPL_Binary,bert-base-cased-finetune,132,8,1
0.823395176,0,0,789,778,126,31,0.973123516,0.965029717,0.393182143,0.908932715,0.862295082,0.962195122,0.909510086,AR_EN_DEEPL_Binary,bert-base-cased-finetune,132,8,2
0.822092798,0,0,734,837,67,86,0.971628804,0.964985618,0.430345607,0.9112529,0.916354557,0.895121951,0.905613819,AR_EN_DEEPL_Binary,bert-base-cased-finetune,132,8,3
0.834933869,0,0,768,813,91,52,0.969087254,0.965817955,0.504568429,0.917053364,0.894062864,0.936585366,0.914830256,AR_EN_DEEPL_Binary,bert-base-cased-finetune,132,8,4
0.838073486,0,0,766,818,86,54,0.969845403,0.964766163,0.538543134,0.918793503,0.899061033,0.934146341,0.916267943,AR_EN_DEEPL_Binary,bert-base-cased-finetune,132,8,5
0.80697557,0,0,797,752,152,23,0.967044841,0.942675677,0.273590038,0.898491879,0.839831401,0.97195122,0.901074053,AR_EN_DEEPL_Binary,electra-base-discriminator-finetune,123,8,1
0.827374431,0,0,788,783,121,32,0.970680445,0.960877135,0.290916567,0.9112529,0.866886689,0.96097561,0.911509543,AR_EN_DEEPL_Binary,electra-base-discriminator-finetune,123,8,2
0.837037266,0,0,783,798,106,37,0.973694151,0.966273366,0.361575957,0.917053364,0.880764904,0.954878049,0.916325336,AR_EN_DEEPL_Binary,electra-base-discriminator-finetune,123,8,3
0.8379431,0,0,782,800,104,38,0.974361915,0.967062721,0.396693497,0.917633411,0.88261851,0.953658537,0.916764361,AR_EN_DEEPL_Binary,electra-base-discriminator-finetune,123,8,4
0.832516258,0,0,775,803,101,45,0.972955563,0.96732233,0.414092244,0.915313225,0.884703196,0.945121951,0.913915094,AR_EN_DEEPL_Binary,electra-base-discriminator-finetune,123,8,5
0.83575155,0,0,797,780,124,23,0.965189942,0.947932079,0.245380732,0.914733179,0.865363735,0.97195122,0.915565767,AR_EN_DEEPL_Binary,electra-base-discriminator-finetune,124,8,1
0.82253957,0,0,754,817,87,66,0.969536477,0.962097225,0.311867019,0.9112529,0.896551724,0.919512195,0.907886815,AR_EN_DEEPL_Binary,electra-base-discriminator-finetune,124,8,2
0.838700531,0,0,780,803,101,40,0.9512357,0.896048964,0.31539577,0.918213457,0.885357548,0.951219512,0.917107584,AR_EN_DEEPL_Binary,electra-base-discriminator-finetune,124,8,3
0.813563315,0,0,805,748,156,15,0.953779948,0.908604387,0.355498475,0.900812065,0.837669095,0.981707317,0.903986524,AR_EN_DEEPL_Binary,electra-base-discriminator-finetune,124,8,4
0.841753427,0,0,791,793,111,29,0.970970483,0.963112672,0.339707116,0.918793503,0.876940133,0.964634146,0.918699187,AR_EN_DEEPL_Binary,electra-base-discriminator-finetune,124,8,5
0.835507062,0,0,796,781,123,24,0.965886035,0.935732096,0.277203292,0.914733179,0.866158868,0.970731707,0.91546866,AR_EN_DEEPL_Binary,electra-base-discriminator-finetune,125,8,1
0.839844905,0,0,792,790,114,28,0.975818854,0.968472022,0.280951101,0.917633411,0.874172185,0.965853659,0.917728853,AR_EN_DEEPL_Binary,electra-base-discriminator-finetune,125,8,2
0.847010517,0,0,777,814,90,43,0.975758823,0.9695746,0.303771167,0.922853828,0.896193772,0.947560976,0.921161826,AR_EN_DEEPL_Binary,electra-base-discriminator-finetune,125,8,3
0.823866862,0,0,791,776,128,29,0.974635765,0.96890705,0.410375566,0.908932715,0.860718172,0.964634146,0.909718229,AR_EN_DEEPL_Binary,electra-base-discriminator-finetune,125,8,4
0.83540774,0,0,791,787,117,29,0.975043169,0.970276829,0.406289789,0.915313225,0.871145374,0.964634146,0.915509259,AR_EN_DEEPL_Binary,electra-base-discriminator-finetune,125,8,5
0.809275004,0,0,729,831,73,91,0.965351824,0.956948706,0.258880841,0.90487239,0.908977556,0.88902439,0.898890259,AR_EN_DEEPL_Binary,electra-base-discriminator-finetune,126,8,1
0.846911655,0,0,784,806,98,36,0.974282322,0.965141184,0.30600241,0.922273782,0.888888889,0.956097561,0.921269095,AR_EN_DEEPL_Binary,electra-base-discriminator-finetune,126,8,2
0.824211993,0,0,783,786,118,37,0.973412206,0.966033967,0.33944589,0.910092807,0.869034406,0.954878049,0.909936084,AR_EN_DEEPL_Binary,electra-base-discriminator-finetune,126,8,3
0.825164964,0,0,759,814,90,61,0.955543115,0.938953277,0.44876795,0.912412993,0.893992933,0.925609756,0.909526663,AR_EN_DEEPL_Binary,electra-base-discriminator-finetune,126,8,4
0.817788949,0,0,771,794,110,49,0.970455159,0.949719395,0.451362689,0.907772622,0.875141884,0.940243902,0.906525573,AR_EN_DEEPL_Binary,electra-base-discriminator-finetune,126,8,5
0.816904242,0,0,806,750,154,14,0.971983596,0.959804182,0.285277248,0.902552204,0.839583333,0.982926829,0.905617978,AR_EN_DEEPL_Binary,electra-base-discriminator-finetune,127,8,1
0.839071872,0,0,775,809,95,45,0.972390999,0.96321894,0.280086334,0.918793503,0.890804598,0.945121951,0.917159763,AR_EN_DEEPL_Binary,electra-base-discriminator-finetune,127,8,2
0.827916624,0,0,780,793,111,40,0.970182657,0.959788562,0.443153081,0.912412993,0.875420875,0.951219512,0.911747516,AR_EN_DEEPL_Binary,electra-base-discriminator-finetune,127,8,3
0.822279352,0,0,793,772,132,27,0.959647502,0.917232355,0.478047878,0.907772622,0.857297297,0.967073171,0.908882521,AR_EN_DEEPL_Binary,electra-base-discriminator-finetune,127,8,4
0.827916624,0,0,780,793,111,40,0.963645316,0.938194215,0.502411936,0.912412993,0.875420875,0.951219512,0.911747516,AR_EN_DEEPL_Binary,electra-base-discriminator-finetune,127,8,5
0.824863205,0,0,755,818,86,65,0.97105817,0.964055882,0.317530323,0.912412993,0.897740785,0.920731707,0.909090909,AR_EN_DEEPL_Binary,electra-base-discriminator-finetune,128,8,1
0.835498535,0,0,762,820,84,58,0.968486942,0.956177545,0.296944936,0.917633411,0.90070922,0.929268293,0.914765906,AR_EN_DEEPL_Binary,electra-base-discriminator-finetune,128,8,2
0.844588085,0,0,783,805,99,37,0.97141431,0.964862386,0.352444173,0.921113689,0.887755102,0.954878049,0.920094007,AR_EN_DEEPL_Binary,electra-base-discriminator-finetune,128,8,3
0.81895967,0,0,803,756,148,17,0.974487373,0.968717983,0.364451343,0.904292343,0.844374343,0.979268293,0.906832298,AR_EN_DEEPL_Binary,electra-base-discriminator-finetune,128,8,4
0.842108213,0,0,781,805,99,39,0.972583909,0.967779442,0.42152339,0.919953596,0.8875,0.952439024,0.918823529,AR_EN_DEEPL_Binary,electra-base-discriminator-finetune,128,8,5
0.809930099,0,0,800,751,153,20,0.968416793,0.952593897,0.396179034,0.899651972,0.839454355,0.975609756,0.902425268,AR_EN_DEEPL_Binary,electra-base-discriminator-finetune,129,8,1
0.841513435,0,0,767,820,84,53,0.973961256,0.963903122,0.228678323,0.920533643,0.901292597,0.935365854,0.918013166,AR_EN_DEEPL_Binary,electra-base-discriminator-finetune,129,8,2
0.843241915,0,0,802,781,123,18,0.942913609,0.870998526,0.30324826,0.918213457,0.867027027,0.97804878,0.919197708,AR_EN_DEEPL_Binary,electra-base-discriminator-finetune,129,8,3
0.842758549,0,0,778,809,95,42,0.973750809,0.966963462,0.358184716,0.920533643,0.89117984,0.948780488,0.919078559,AR_EN_DEEPL_Binary,electra-base-discriminator-finetune,129,8,4
0.836867168,0,0,765,818,86,55,0.974225664,0.967666304,0.408765905,0.918213457,0.898942421,0.932926829,0.91561939,AR_EN_DEEPL_Binary,electra-base-discriminator-finetune,129,8,5
0.826320887,0,0,788,782,122,32,0.967371304,0.954301017,0.28463296,0.910672854,0.865934066,0.96097561,0.910982659,AR_EN_DEEPL_Binary,electra-base-discriminator-finetune,130,8,1
0.837309774,0,0,778,804,100,42,0.973069555,0.965400072,0.278786166,0.917633411,0.886104784,0.948780488,0.916372203,AR_EN_DEEPL_Binary,electra-base-discriminator-finetune,130,8,2
0.852520672,0,0,777,819,85,43,0.970239316,0.963962022,0.313862539,0.92575406,0.901392111,0.947560976,0.923900119,AR_EN_DEEPL_Binary,electra-base-discriminator-finetune,130,8,3
0.828230193,0,0,796,774,130,24,0.974166307,0.965400685,0.337434172,0.910672854,0.859611231,0.970731707,0.911798396,AR_EN_DEEPL_Binary,electra-base-discriminator-finetune,130,8,4
0.838700531,0,0,780,803,101,40,0.972137384,0.964944987,0.370295314,0.918213457,0.885357548,0.951219512,0.917107584,AR_EN_DEEPL_Binary,electra-base-discriminator-finetune,130,8,5
0.815637951,0,0,752,813,91,68,0.92582425,0.839255149,0.293084788,0.907772622,0.892052195,0.917073171,0.904389657,AR_EN_DEEPL_Binary,electra-base-discriminator-finetune,131,8,1
0.825493156,0,0,789,780,124,31,0.968393859,0.952377476,0.250210019,0.910092807,0.864184009,0.962195122,0.910559723,AR_EN_DEEPL_Binary,electra-base-discriminator-finetune,131,8,2
0.839189328,0,0,783,800,104,37,0.970430876,0.959555146,0.308362954,0.918213457,0.882750846,0.954878049,0.917398946,AR_EN_DEEPL_Binary,electra-base-discriminator-finetune,131,8,3
0.847840261,0,0,783,808,96,37,0.970024822,0.962274437,0.320934633,0.922853828,0.890784983,0.954878049,0.921718658,AR_EN_DEEPL_Binary,electra-base-discriminator-finetune,131,8,4
0.829330186,0,0,792,780,124,28,0.971690859,0.964043062,0.366223141,0.911832947,0.864628821,0.965853659,0.912442396,AR_EN_DEEPL_Binary,electra-base-discriminator-finetune,131,8,5
0.806223318,0,0,778,775,129,42,0.96351581,0.949491713,0.269714154,0.900812065,0.857772878,0.948780488,0.900984366,AR_EN_DEEPL_Binary,electra-base-discriminator-finetune,132,8,1
0.840138373,0,0,802,778,126,18,0.971575518,0.96232584,0.267606897,0.916473318,0.864224138,0.97804878,0.917620137,AR_EN_DEEPL_Binary,electra-base-discriminator-finetune,132,8,2
0.839922562,0,0,797,784,120,23,0.969055553,0.950376205,0.299735948,0.917053364,0.869138495,0.97195122,0.917674151,AR_EN_DEEPL_Binary,electra-base-discriminator-finetune,132,8,3
0.834519097,0,0,804,770,134,16,0.968281216,0.95016171,0.32041416,0.912993039,0.857142857,0.980487805,0.914675768,AR_EN_DEEPL_Binary,electra-base-discriminator-finetune,132,8,4
0.841555273,0,0,795,788,116,25,0.970254829,0.964393012,0.339388385,0.918213457,0.872667398,0.969512195,0.918544194,AR_EN_DEEPL_Binary,electra-base-discriminator-finetune,132,8,5
0.81134182,0,0,798,755,149,22,0.962017052,0.933129268,0.324368959,0.900812065,0.842661035,0.973170732,0.903225806,AR_EN_DEEPL_Binary,roberta-base-finetune,123,8,1
0.837617375,0,0,780,802,102,40,0.945940131,0.940406841,0.337507996,0.917633411,0.884353741,0.951219512,0.916568743,AR_EN_DEEPL_Binary,roberta-base-finetune,123,8,2
0.827082986,0,0,775,798,106,45,0.925528815,0.830015524,0.390418453,0.912412993,0.879682179,0.945121951,0.911228689,AR_EN_DEEPL_Binary,roberta-base-finetune,123,8,3
0.826937699,0,0,795,774,130,25,0.971116852,0.958436748,0.305774305,0.910092807,0.859459459,0.969512195,0.911174785,AR_EN_DEEPL_Binary,roberta-base-finetune,123,8,4
0.824606296,0,0,773,798,106,47,0.971732679,0.962166672,0.37214033,0.9112529,0.879408419,0.942682927,0.909947028,AR_EN_DEEPL_Binary,roberta-base-finetune,123,8,5
0.814279628,0,0,794,763,141,26,0.934478874,0.842891633,0.424986183,0.903132251,0.849197861,0.968292683,0.904843305,AR_EN_DEEPL_Binary,roberta-base-finetune,124,8,1
0.773277605,0,0,661,863,41,159,0.968864667,0.961611414,0.292029838,0.883990719,0.941595442,0.806097561,0.868593955,AR_EN_DEEPL_Binary,roberta-base-finetune,124,8,2
0.836495432,0,0,772,810,94,48,0.971479063,0.963993717,0.339446474,0.917633411,0.891454965,0.941463415,0.915776987,AR_EN_DEEPL_Binary,roberta-base-finetune,124,8,3
0.833130567,0,0,779,799,105,41,0.971512789,0.964939417,0.332536293,0.915313225,0.881221719,0.95,0.914319249,AR_EN_DEEPL_Binary,roberta-base-finetune,124,8,4
0.838112281,0,0,776,807,97,44,0.975059357,0.967977018,0.360353236,0.918213457,0.888888889,0.946341463,0.916715889,AR_EN_DEEPL_Binary,roberta-base-finetune,124,8,5
0.820874613,0,0,738,832,72,82,0.967853578,0.953939376,0.380208139,0.910672854,0.911111111,0.9,0.905521472,AR_EN_DEEPL_Binary,roberta-base-finetune,125,8,1
0.826543605,0,0,789,781,123,31,0.971234891,0.96109139,0.288205576,0.910672854,0.865131579,0.962195122,0.91108545,AR_EN_DEEPL_Binary,roberta-base-finetune,125,8,2
0.835507062,0,0,796,781,123,24,0.973347453,0.965139176,0.32887449,0.914733179,0.866158868,0.970731707,0.91546866,AR_EN_DEEPL_Binary,roberta-base-finetune,125,8,3
0.850687095,0,0,780,814,90,40,0.971611267,0.963278264,0.349012329,0.924593968,0.896551724,0.951219512,0.923076923,AR_EN_DEEPL_Binary,roberta-base-finetune,125,8,4
0.840720647,0,0,779,806,98,41,0.972635172,0.963782639,0.400095281,0.91937355,0.888255416,0.95,0.918090748,AR_EN_DEEPL_Binary,roberta-base-finetune,125,8,5
0.811928654,0,0,747,815,89,73,0.967584449,0.955953758,0.364369502,0.906032483,0.89354067,0.91097561,0.902173913,AR_EN_DEEPL_Binary,roberta-base-finetune,126,8,1
0.833985218,0,0,794,782,122,26,0.971078405,0.962655054,0.251718654,0.914153132,0.866812227,0.968292683,0.914746544,AR_EN_DEEPL_Binary,roberta-base-finetune,126,8,2
0.837492676,0,0,758,826,78,62,0.964397394,0.943406671,0.407434402,0.918793503,0.906698565,0.924390244,0.915458937,AR_EN_DEEPL_Binary,roberta-base-finetune,126,8,3
0.836254394,0,0,799,778,126,21,0.973320473,0.96518392,0.336097575,0.914733179,0.863783784,0.974390244,0.915759312,AR_EN_DEEPL_Binary,roberta-base-finetune,126,8,4
0.849078567,0,0,784,808,96,36,0.974406432,0.968408755,0.355959729,0.923433875,0.890909091,0.956097561,0.922352941,AR_EN_DEEPL_Binary,roberta-base-finetune,126,8,5
0.819999447,0,0,763,805,99,57,0.95649687,0.93739572,0.350416852,0.909512761,0.885150812,0.930487805,0.90725327,AR_EN_DEEPL_Binary,roberta-base-finetune,127,8,1
0.829266873,0,0,796,775,129,24,0.971210609,0.96127444,0.298892998,0.9112529,0.860540541,0.970731707,0.912320917,AR_EN_DEEPL_Binary,roberta-base-finetune,127,8,2
0.82268187,0,0,767,803,101,53,0.968781702,0.954580328,0.380273047,0.910672854,0.883640553,0.935365854,0.908767773,AR_EN_DEEPL_Binary,roberta-base-finetune,127,8,3
0.841551595,0,0,790,794,110,30,0.972917116,0.963270439,0.321976137,0.918793503,0.877777778,0.963414634,0.918604651,AR_EN_DEEPL_Binary,roberta-base-finetune,127,8,4
0.841862186,0,0,786,799,105,34,0.9734203,0.964449442,0.359441637,0.91937355,0.882154882,0.958536585,0.918760959,AR_EN_DEEPL_Binary,roberta-base-finetune,127,8,5
0.809259331,0,0,730,830,74,90,0.96348883,0.954056494,0.295520427,0.90487239,0.907960199,0.890243902,0.899014778,AR_EN_DEEPL_Binary,roberta-base-finetune,128,8,1
0.822506133,0,0,785,782,122,35,0.967048888,0.957415708,0.30558258,0.908932715,0.865490628,0.957317073,0.909090909,AR_EN_DEEPL_Binary,roberta-base-finetune,128,8,2
0.842935326,0,0,786,800,104,34,0.969363803,0.957517063,0.287273118,0.919953596,0.883146067,0.958536585,0.919298246,AR_EN_DEEPL_Binary,roberta-base-finetune,128,8,3
0.841959853,0,0,792,792,112,28,0.972443611,0.964884551,0.322335062,0.918793503,0.876106195,0.965853659,0.918793503,AR_EN_DEEPL_Binary,roberta-base-finetune,128,8,4
0.839343437,0,0,777,807,97,43,0.967601986,0.9405463,0.373967879,0.918793503,0.889016018,0.947560976,0.917355372,AR_EN_DEEPL_Binary,roberta-base-finetune,128,8,5
0.804417549,0,0,788,761,143,32,0.960778653,0.925288115,0.268939007,0.898491879,0.846401719,0.96097561,0.90005711,AR_EN_DEEPL_Binary,roberta-base-finetune,129,8,1
0.800825474,0,0,782,765,139,38,0.958762546,0.930969987,0.336374018,0.897331787,0.84907709,0.953658537,0.898334291,AR_EN_DEEPL_Binary,roberta-base-finetune,129,8,2
0.827404514,0,0,783,789,115,37,0.968733137,0.953759409,0.38338812,0.911832947,0.871937639,0.954878049,0.911525029,AR_EN_DEEPL_Binary,roberta-base-finetune,129,8,3
0.83968845,0,0,771,814,90,49,0.969826516,0.957375972,0.335273657,0.91937355,0.895470383,0.940243902,0.917311124,AR_EN_DEEPL_Binary,roberta-base-finetune,129,8,4
0.840436772,0,0,784,800,104,36,0.969583019,0.955186733,0.345653855,0.918793503,0.882882883,0.956097561,0.918032787,AR_EN_DEEPL_Binary,roberta-base-finetune,129,8,5
0.82479886,0,0,754,819,85,66,0.955595726,0.949490783,0.270088091,0.912412993,0.898688915,0.919512195,0.908981314,AR_EN_DEEPL_Binary,roberta-base-finetune,130,8,1
0.83690186,0,0,793,786,118,27,0.966555148,0.944022929,0.334657695,0.915893271,0.870472009,0.967073171,0.916233391,AR_EN_DEEPL_Binary,roberta-base-finetune,130,8,2
0.832136397,0,0,795,779,125,25,0.968217138,0.957039253,0.361101423,0.912993039,0.864130435,0.969512195,0.913793103,AR_EN_DEEPL_Binary,roberta-base-finetune,130,8,3
0.837733999,0,0,792,788,116,28,0.969501403,0.962703005,0.350197039,0.916473318,0.872246696,0.965853659,0.916666667,AR_EN_DEEPL_Binary,roberta-base-finetune,130,8,4
0.838286983,0,0,784,798,106,36,0.971877024,0.963997001,0.397433781,0.917633411,0.880898876,0.956097561,0.916959064,AR_EN_DEEPL_Binary,roberta-base-finetune,130,8,5
0.823907171,0,0,768,803,101,52,0.965534616,0.953089455,0.354396954,0.9112529,0.883774453,0.936585366,0.909413854,AR_EN_DEEPL_Binary,roberta-base-finetune,131,8,1
0.834697097,0,0,775,805,99,45,0.971752914,0.956443443,0.324506109,0.916473318,0.886727689,0.945121951,0.914994097,AR_EN_DEEPL_Binary,roberta-base-finetune,131,8,2
0.835843325,0,0,766,816,88,54,0.971149228,0.956951906,0.33179487,0.917633411,0.896955504,0.934146341,0.915173238,AR_EN_DEEPL_Binary,roberta-base-finetune,131,8,3
0.843389035,0,0,762,827,77,58,0.972790309,0.96432555,0.375942599,0.921693735,0.908224076,0.929268293,0.918625678,AR_EN_DEEPL_Binary,roberta-base-finetune,131,8,4
0.840435415,0,0,777,808,96,43,0.972995359,0.966031896,0.424242575,0.91937355,0.890034364,0.947560976,0.917897224,AR_EN_DEEPL_Binary,roberta-base-finetune,131,8,5
0.799782343,0,0,782,764,140,38,0.960399579,0.942807172,0.363084311,0.89675174,0.848156182,0.953658537,0.897818599,AR_EN_DEEPL_Binary,roberta-base-finetune,132,8,1
0.819768482,0,0,743,826,78,77,0.937130369,0.874741041,0.358908224,0.910092807,0.90499391,0.906097561,0.905545399,AR_EN_DEEPL_Binary,roberta-base-finetune,132,8,2
0.666773787,0,0,553,867,37,267,0.95853726,0.948912025,0.463425303,0.823665893,0.937288136,0.674390244,0.784397163,AR_EN_DEEPL_Binary,roberta-base-finetune,132,8,3
0.825079222,0,0,776,795,109,44,0.960433979,0.948488535,0.340630344,0.9112529,0.876836158,0.946341463,0.91026393,AR_EN_DEEPL_Binary,roberta-base-finetune,132,8,4
0.823319076,0,0,763,808,96,57,0.964371088,0.955613135,0.309881931,0.9112529,0.888242142,0.930487805,0.90887433,AR_EN_DEEPL_Binary,roberta-base-finetune,132,8,5
